2G-2436-6PHBK,340,204
2G-2448-6PHBK,386,232
2G-3048-6PHBK,424,254
2G-3060-6PHBK,452,271
2GL-2436-6PHBK,340,204
2GL-2448-6PHBK,386,232
2GL-3048-6PHBK,424,254
2GL-3060-6PHBK,452,271
2LDWP-2436-8S-G,340,204
2LDWP-2448-8S-G,376,226
2LDWP-2436-10-G,348,209
2LDWP-2448-10-G,384,230
2LDWP-2436-10PG,388,233
2LDWP-2448-10PG,424,254
3CSL3060-8MRHD,848,509
3CSL-3072-8MRHD,905,543
3CSL-3660-8MRHD,894,536
3CSL-3672-8MRHD,1022,613
3ER-LG-2436-BRK,338,203
3ER-LG-2448-BRK,388,233
3ER-LG-3048-BRK,448,269
3ERLGL-2436-BRK,338,203
3ERLGL-2448-BRK,388,233
3ERLGL-3048-BRK,448,269
3G-2436-6PHBK,394,236
3G-2448-6PHBK,453,272
3G-3048-6PHBK,510,306
3G-3060-6PHBK,560,336
3GL-2436-6PHBK,394,236
3GL-2448-6PHBK,453,272
3GL-3048-6PHBK,510,306
3GL-3060-6PHBK,560,336
3G-2436-9P,444,266
3G-2448-9P,496,298
3G-3048-9P,553,332
3G-2436-9PM,534,320
3G-2448-9PM,613,368
3G-3048-9PM,679,407
3GL-2436-9P,444,266
3GL-2448-9P,496,298
3GL-3048-9P,553,332
3GL-2436-9PM,534,320
3GL-2448-9PM,613,368
3GL-3048-9PM,679,407
3GH-8V2-1,560,336
3GH-8V2-2,612,367
3GH-8V2-7,,
3GH-8V2-5,678,407
3GH-8V2-4,748,449
3GH-8V2-8,,
3GH-8V2-6,878,527
3GH-8V2-1-FL,608,365
3GH-8V2-2-FL,660,396
3GH-8V2-7FL,,
3GH-8V2-5-FL,726,436
3GH-8V2-4-FL,796,478
3GH-8V2-8FL,,
3GH-8V2-6-FL,926,556
3GH-8V2-1BKPL,628,377
3GH-8V2-2BKPL,680,408
3GH-8V2-7BKPL,,
3GH-8V2-5BKPL,746,448
3GH-8V2-4BKPL,816,490
3GH-8V2-8BKPL,,
3GH-8V2-6BKPL,946,568
3IP-2436-5PY,316,190
3IP-2448-5PY,362,217
3IP-2460-5PY,440,264
3IP-3048-5PY,428,257
3IP-2436-6PY,434,260
3IP-2448-6PY,489,293
3IP-2460-6PY,562,337
3IP-3048-6PY,552,331
3IP-3060-6PY,592,355
3LG-2436-9P,,
3LG-2448-9P,,
3LG-3048-9P,,
3LG-2436-9PM,,
3LG-2448-9PM,,
3LG-3048-9PM,,
3LGL-2436-9P,,
3LGL-2448-9P,,
3LGL-3048-9P,,
3LGL-2436-9PM,,
3LGL-2448-9PM,,
3LGL-3048-9PM,,
3LG-2436-6PY,386,232
3LG-2448-6PY,436,262
3LG-3048-6PY,496,298
3LG-3060-6PY,546,328
3LG-1824-BRK,252,151
3LG-1832-BRK,272,163
3LG-2436-BRK,312,187
3LG-2448-BRK,362,217
3LG-3048-BRK,422,253
3LG-1832-UPS,252,151
3LG-2436-UPS,286,172
3LG1832-WSBRK,302,181
3LG2436-WSBRK,342,205
3LG2448-WSBRK,400,240
3LG1832-WSP-BK,340,204
3LG2436-WSP-BK,386,232
3LG2448-WS-P-BK,436,262
3LGL-2436-6PY,386,232
3LGL-2448-6PY,436,262
3LGL-3048-6PY,496,298
3LGL-3060-6PY,546,328
3LGL-1824-BRK,252,151
3LGL-1832-BRK,272,163
3LGL-2436-BRK,312,187
3LGL-2448-BRK,362,217
3LGL-3048-BRK,422,253
3LGL-1832-UPS,252,151
3LGL-2436-UPS,286,172
3LGL1832-WSBRK,302,181
3LGL-2436-WSBRK,342,205
3LGL2448-WSBRK,400,240
3LGL1832-WSP-BK,340,204
3LGL2436-WSP-BK,386,232
3LGL2448-WSP-BK,436,262
3M-2436-6PH,410,246
3M-2448-6PH,460,276
3M-3048-6PH,500,300
3M-3060-6PH,556,334
3ML-2436-6PH,410,246
3ML-2448-6PH,460,276
3ML-3048-6PH,500,300
3ML-3060-6PH,556,334
3M-2436-6PH-WSP,484,290
3M-2448-6PH-WSP,534,320
3M-3048-6PH-WSP,574,344
3M-3060-6PH-WSP,630,378
3ML2436-6PH-WSP,484,290
3ML2448-6PH-WSP,534,320
3ML3048-6PH-WSP,574,344
3ML3060-6PH-WSP,630,378
3MLP-2448-6MR-G,480,288
3MLP-3060-6MR-G,590,354
3MW-2436-5TL,320,192
3MW-2448-5TL,370,222
3MW-2436-5TL-PB,410,246
3MW-2448-5TL-PB,468,281
3MW-2436-5TL-LP,410,246
3MW-2448-5TL-LP,468,281
3RG-8V2-1PT,,
3RG-8V2-2PT,,
3RG-8V2-5PT,,
3RG-8V2-1PMT,,
3RG-8V2-2PMT,,
3RG-8V2-5PMT,,
3RGL-8V2-1PT,,
3RGL-8V2-2PT,,
3RGL-8V2-5PT,,
3RGL-8V2-1PMT,,
3RGL-8V2-2PMT,,
3RGL-8V2-5PMT,,
4M-2436-6PH,462,277
4M-2448-6PH,524,314
4M-3048-6PH,588,353
4M-3060-6PH,660,396
4ML-2436-6PH,462,277
4ML-2448-6PH,524,314
4ML-3048-6PH,588,353
4ML-3060-6PH,660,396
4M-2436-6PH-WSP,536,322
4M-2448-6PH-WSP,598,359
4M-3048-6PH-WSP,662,397
4M-3060-6PH-WSP,734,440
4ML2436-6PH-WSP,536,322
4ML2448-6PH-WSP,598,359
4ML3048-6PH-WSP,662,397
4ML3060-6PH-WSP,734,440
4MLP-2448-6MR-G,560,336
4MLP-3060-6MR-G,706,424
4SH-1832-72,326,196
4SH-2436-72,382,229
4SH-2448-72,484,290
4SH-2460-72,556,334
4SH-3048-72,546,328
4SH-3060-72,630,378
4SH-3072-72,744,446
4SH-3660-72,710,426
4SH-3672-72,828,497
4SHS-2448-72,598,359
4SHS-2460-72,660,396
5M-2436-6PH,526,316
5M-2448-6PH,600,360
5M-3048-6PH,680,408
5M-3060-6PH,776,466
5ML-2436-6PH,526,316
5ML-2448-6PH,600,360
5ML-3048-6PH,680,408
5ML-3060-6PH,776,466
5M2436-6PH-WSP,600,360
5M-2448-6PH-WSP,674,404
5M3048-6PH-WSP,754,452
5M3060-6PH-WSP,850,510
5ML2436-6PH-WSP,600,360
5ML2448-6PH-WSP,674,404
5ML3048-6PH-WSP,754,452
5ML3060-6PH-WSP,850,510
5MLP-2448-6MR-G,638,383
5MLP-3060-6MR-G,816,490
5SH-1832-72,376,226
5SH-2436-72,442,265
5SH-2448-72,572,343
5SH-2460-72,660,396
5SH-3048-72,648,389
5SH-3060-72,756,454
5SH-3072-72,910,546
5SH-3660-72,870,522
5SH-3672-72,1020,612
6BC-3036-6PY,750,450
ABR-3640-6PH,469,281
ABS-3640-6PH,517,310
ADD-1824-3R,78,47
ADD-1832-3R,82,49
ADD-2436-3R,94,56
ADU-1824-3R,78,47
ADU-1832-3R,82,49
ADU-2436-3R,94,56
AF-2436,312,187
AF-2448,336,202
AF-2460,370,222
AF-2472,440,264
AF-3048,366,220
AF-3060,396,238
AF-3072,446,268
AF-3672,456,274
AF-2436-BK,342,205
AF-2448-BK,366,220
AF-2460-BK,400,240
AF-2472-BK,470,282
AF-3048-BK,396,238
AF-3060-BK,426,256
AF-3072-BK,476,286
AF-3672-BK,486,292
AF-2436-2R,302,181
AF-2448-2R,326,196
AF-2460-2R,360,216
AF-2472-2R,430,258
AF-3048-2R,356,214
AF-3060-2R,386,232
AF-3072-2R,436,262
AF-3672-2R,446,268
AF-2436-2R-FL,350,210
AF-2448-2R-FL,374,224
AF-2460-2R-FL,408,245
AF-2472-2R-FL,478,287
AF-3048-2R-FL,404,242
AF-3060-2R-FL,434,260
AF-3072-2R-FL,484,290
AF-3672-2R-FL,494,296
AFPB-2436-5PY,450,270
AFPB-2448-5PY,530,318
AFPB-2460-5PY,580,348
AFPB1S2448-TL60,470,282
AFPB2S2448-TL60,650,390
AFPBS2436-6PYFL,618,371
AFPBS2448-6PYFL,720,432
AFPBS2460-6PYFL,825,495
AFS-2440-6PH,328,197
AFS-3640-6PH,368,221
AFSF-3640-6PH,424,254
AF-ARM,20,12
AF-PB,80,48
AF-SHELF-9,60,36
AF-SHELF-9-LU,60,36
AF-SHELF-15,96,58
AF-SHELF-15-LU,96,58
AF-SHELF-FLUSH,70,42
AM-2A-2448-6PY,575,345
AM-3A-2448-6PY,635,381
AM-2A-2460-6PY,620,372
AM-3A-2460-6PY,695,417
APT2436-6MR,354,212
APT2448-6MR,378,227
APT2460-6MR,408,245
APT2472-6MR,490,294
APT3048-6MR,400,240
APT3060-6MR,430,258
APT3072-6MR,470,282
APT3660-6MR,452,271
APT3672-6MR,492,295
APT2436-6PH,364,218
APT2448-6PH,388,233
APT2460-6PH,418,251
APT2472-6PH,500,300
APT3048-6PH,410,246
APT3060-6PH,440,264
APT3072-6PH,480,288
APT3660-6PH,462,277
APT3672-6PH,502,301
APT2436-6PY,374,224
APT2448-6PY,398,239
APT2460-6PY,428,257
APT2472-6PY,510,306
APT3048-6PY,420,252
APT3060-6PY,450,270
APT3072-6PY,490,294
APT3660-6PY,472,283
APT3672-6PY,512,307
APTP-2436-6PY,384,230
APTP-2448-6PY,412,247
APT6W-2448-6PY,478,287
APT6W-2460-6PY,508,305
APT6W-3048-6PY,500,300
APT6W-3060-6PY,530,318
APT6W-3072-6PY,576,346
APT6W-3660-6PY,552,331
APT6W-3672-6PY,610,366
"004-0011 (36"")",48,29
"004-0024 (48"")",54,32
"004-0023 (60"")",62,37
"004-0223 (72"")",70,42
APT-LIP-36,26,16
APT-LIP-48,28,17
APT-LIP-60,30,18
APT-LIP-72,34,20
"003-0129 (24""W)",32,19
"003-0131 (30""W)",32,19
"003-0132 (36"" W)",32,19
ASR-3048,386,232
ASR-3060,428,257
ASR-3660,450,270
B1-2448-6MR,542,325
B1-2460-6MR,580,348
B1-3048-6MR,588,353
B1-3060-6MR,634,380
B1-2448-6PY,552,331
B1-2460-6PY,590,354
B1-3048-6PY,598,359
B1-3060-6PY,644,386
B1-2448-6PY-DS,716,430
B1-2460-6PY-DS,778,467
B1-3048-6PY-DS,786,472
B1-3060-6PY-DS,838,503
B2-2448-6MR,614,368
B2-2460-6MR,670,402
B2-3048-6MR,678,407
B2-3060-6MR,734,440
B2-2448-6PY,624,374
B2-2460-6PY,680,408
B2-3048-6PY,688,413
B2-3060-6PY,744,446
B2-A-2448-6PY,744,446
B2-A-2460-6PY,800,480
B2-A-3048-6PY,808,485
B2-A-3060-6PY,864,518
B3-2448-6MR,694,416
B3-2460-6MR,768,461
B3-3048-6MR,776,466
B3-3060-6MR,854,512
B3-2448-6PY,704,422
B3-2460-6PY,778,467
B3-3048-6PY,786,472
B3-3060-6PY,864,518
B2448B,570,342
B3048B,592,355
B3060B,616,370
B3072B,640,384
B3660B,640,384
B3672B,664,398
BB2448B,632,379
BB3048B,660,396
BB3060B,676,406
BB3072B,700,420
BB3660B,700,420
BB3672B,730,438
BCT-2860,664,398
BDR-2448-5PY,,
BR-2448-60,288,173
BR-2436-84,380,228
BRT-3648-8PHBK,626,376
BRT-3660-8PHBK,650,390
BRT-3672-8PHBK,700,420
BTS-2436-6MR,478,287
BTS-2448-6MR,538,323
BTS-3048-6MR,574,344
BTS-3060-6MR,618,371
BTSL-2436-6MR,560,336
BTSL-2448-6MR,630,378
BTSL-3048-6MR,676,406
BTSL-3060-6MR,738,443
BTX-2436-6MR,402,241
BTX-2448-6MR,450,270
BTX-3048-6MR,476,286
BTX-3060-6MR,510,306
BTXL-2436-6MR,528,317
BTXL-2448-6MR,590,354
BTXL-3048-6MR,634,380
BTXL-3060-6MR,686,412
CA-2448-6MR,452,271
CA-2460-6MR,480,288
CA-3048-6MR,486,292
CA-3060-6MR,520,312
CA-2448-V2B,,
CA-2460-V2B,,
CA-3048-V2B,,
CA-3060-V2B,,
CA-2448-8MR,472,283
CA-2460-8MR,500,300
CA-3048-8MR,506,304
CA-3060-8MR,540,324
CA-2448-8PPY,482,289
CA-2460-8PPY,510,306
CA-3048-8PPY,516,310
CA-3060-8PPY,550,330
CA-RD48PNL,194,116
CA-RD60PNL,200,120
CARD-2448-6MR,646,388
CARD-2460-6MR,680,408
CARD-3048-6MR,680,408
CARD-3060-6MR,720,432
CARD-2448-8MR,666,400
CARD-2460-8MR,700,420
CARD-3048-8MR,700,420
CARD-3060-8MR,740,444
CARD-2448-8PY,676,406
CARD-2460-8PY,710,426
CARD-3048-8PY,710,426
CARD-3060-8PY,750,450
CAWD-2448-6PY,580,348
CAWD-2460-6PY,640,384
CAWD-3048-6PY,620,372
CAWD-3060-6PY,680,408
CC-2448-5PYBK,278,167
CC-3060-5PYBK,332,199
CD-3048-16P-CR,774,464
CD-3060-16P-CR,798,479
CD-3660-16P-CR,832,499
CD-3672-16P-CR,856,514
CD3048-16PFD-CR,774,464
CD3060-16PFD-CR,798,479
CD3660-16PFD-CR,832,499
CD3672-16PFD-CR,856,514
CH-2040-12MR,,
CH-2436-12MR,500,300
CH-2448-12MR,510,306
CH-3048-12MR,534,320
CH-3060-12MR,558,335
CH-3072-12MR,,
CH-3660-12MR,592,355
CH-3672-12MR,616,370
CH-2040-12P,,
CH-2436-12P,450,270
CH-2448-12P,460,276
CH-3048-12P,484,290
CH-3060-12P,508,305
CH-3072-12P,,
CH-3660-12P,542,325
CH-3672-12P,566,340
CH-2040-16P,,
CH-2436-16P,490,294
CH-2448-16P,500,300
CH-3048-16P,524,314
CH-3060-16P,548,329
CH-3072-16P,,
CH-3660-16P,582,349
CH-3672-16P,606,364
CH2040-12MR-FSD,,
CH2436-12MR-FSD,500,300
CH2448-12MR-FSD,510,306
CH3048-12MR-FSD,534,320
CH3060-12MR-FSD,558,335
CH3072-12MR-FSD,,
CH3660-12MR-FSD,592,355
CH3672-12MR-FSD,616,370
CH-2040-12P-FSD,,
CH-2436-12P-FSD,450,270
CH-2448-12P-FSD,460,276
CH-3048-12P-FSD,484,290
CH-3060-12P-FSD,508,305
CH-3072-12P-FSD,,
CH-3660-12P-FSD,542,325
CH-3672-12P-FSD,566,340
CH-2040-16P-FSD,,
CH-2436-16P-FSD,490,294
CH-2448-16P-FSD,500,300
CH-3048-16P-FSD,524,314
CH-3060-16P-FSD,548,329
CH-3072-16P-FSD,,
CH-3660-16P-FSD,582,349
CH-3672-16P-FSD,606,364
CH-2448-X3-12MR,554,332
CH-3060-X3-12MR,638,383
CH-2448-X3-12P,504,302
CH-3060-X3-12P,588,353
CH-2448-X3-16P,544,326
CH-3060-X3-16P,628,377
CH-2448-X6-12MR,564,338
CH-3060-X6-12MR,648,389
CH-2448-X6-12P,514,308
CH-3060-X6-12P,598,359
CH-2448-X6-16P,554,332
CH-3060-X6-16P,638,383
CH2W-2750-16P,550,330
CRT-3672-LL,831,499
CS-3060-8MRHD,616,370
CS-3072-8MRHD,642,385
CS-3660-8MRHD,650,390
CS-3672-8MRHD,680,408
CSW-2436-8MR,290,174
CSW-2448-8MR,306,184
CSW-2460-8MR,332,199
CSW-3048-8MR,332,199
CSW-3060-8MR,368,221
CSW-3072-8MR,398,239
CSW-3660-8MR,398,239
CSW-3672-8MR,428,257
CT-3660-16P,848,509
DC-2444-8MR,330,198
DC-2444-8MR-KD,330,198
DC-2444-8PY,340,204
DC-2444-8PY-KD,340,204
DET2-2448-6PY,448,269
DET2-2460-6PY,472,283
DET2-3048-6PY,488,293
DET2-3060-6PY,528,317
DET3-2448-6PY,510,306
DET3-2460-6PY,550,330
DET3-3048-6PY,560,336
DET3-3060-6PY,620,372
DET4-2448-6PY,568,341
DET4-2460-6PY,620,372
DET4-3048-6PY,630,378
DET4-3060-6PY,710,426
DET2-A-2448-6PY,598,359
DET2-A-2460-6PY,622,373
DET2-A-3048-6PY,638,383
DET2-A-3060-6PY,680,408
SHLF-2447,96,58
SHLF-2459,118,71
SHLF-3047,118,71
SHLF-3059,140,84
DR-2448-6PY,428,257
DR-2460-6PY,468,281
DR-3048-6PY,446,268
DR-3060-6PY,478,287
DR-3072-6PY,506,304
DRB-2448-6PY,478,287
DRB-2460-6PY,518,311
DRB-3048-6PY,496,298
DRB-3060-6PY,528,317
DS-1830-X3-5PY,242,145
DS-1830-X3-6PY,318,191
DS-1830-X6-5PY,284,170
DS-1830-X6-6PY,360,216
DS1830X12-5PY,300,180
DS1830X12-6PY,370,222
DS-2436-X3-5PY,280,168
DS-2436-X3-6PY,365,219
DS-2436-X6-5PY,340,204
DS-2436-X6-6PY,420,252
DS2436X12-5PY,380,228
DS-2436X12-6PY,428,257
DS-2448X3-5PY,318,191
DS-2448X3-6PY,406,244
DS2448X6-6PY,486,292
DS2448X12-6PY,504,302
DS3060X3-6PY,560,336
DS1830X3-6PYWSP,380,228
DS1830X6-6PYWSP,422,253
DS1830X126PYWSP,432,259
DS2436X3-6PYWSP,430,258
DS2436X6-6PYWSP,480,288
DS2436X126PYWSP,492,295
DS2448X3-6PYWSP,476,286
DS2448X6-6PYWSP,534,320
DS2448X126PYWSP,562,337
DS-2436-X3-10SR,400,240
DS-2436-X3-9P,392,235
DS-2436-X6-10SR,450,270
DS-2436-X6-9P,444,266
DS2436-X12-10SR,464,278
DS2436-X12-9P,456,274
DS-2448-X3-10SR,438,263
DS-2448-X3-9P,430,258
DS-2448-X6-10SR,490,294
DS-2448-X6-9P,482,289
DS2448-X12-10SR,520,312
DS2448-X12-9P,512,307
DS-3060X3-9P,580,348
DS-3060X3-10SR,600,360
DT-2448-S,554,332
DT-3048-S,582,349
DT-3060-S,612,367
DT-3072-S,628,377
DT-3660-S,628,377
DT-3672-S,672,403
DT-2448-DIA-4PS,594,356
DT-3048-DIA-4PS,622,373
DT-3060-DIA-4PS,652,391
DT-3072-DIA-4PS,668,401
DT-3660-DIA-4PS,668,401
DT-3672-DIA-4PS,712,427
EA-1824-5PY,208,125
EA-1832-5PY,218,131
EA-2436-5PY,250,150
ED-3036-6PHFL,,
ERBST-2424-6PH,354,212
ERBST-2436-6PH,384,230
ERBST-2448-6PH,404,242
ERG-2436-8PYBK,390,234
ERG-2448-8PYBK,434,260
ERG-3048-8PYBK,476,286
ERG-3060-8PYBK,532,319
ERGL-2436-8PYBK,390,234
ERGL-2448-8PYBK,434,260
ERGL-3048-8PYBK,476,286
ERGL-3060-8PYBK,532,319
ER-LG-2436-BRK,272,163
ER-LG-2448-BRK,306,184
ER-LG-3048-BRK,346,208
ER-LG-3060-BRK,392,235
ER-LGL-2436-BRK,272,163
ER-LGL-2448-BRK,306,184
ER-LGL-3048-BRK,346,208
ER-LGL-3060-BRK,392,235
G-2436-6MR,324,194
G-2448-6MR,362,217
G-3048-6MR,400,240
G-3060-6MR,450,270
G-2436-8MR,344,206
G-2448-8MR,382,229
G-3048-8MR,420,252
G-3060-8MR,470,282
G-2436-8MRFL,392,235
G-2448-8MRFL,430,258
G-3048-8MRFL,468,281
G-3060-8MRFL,518,311
G-2436-8PYBK,370,222
G-2448-8PYBK,408,245
G-3048-8PYBK,446,268
G-3060-8PYBK,496,298
G-2436-9P,354,212
G-2448-9P,388,233
G-3048-9P,430,258
G-3060-9P,466,280
G-2436-9PM,424,254
G-2448-9PM,466,280
G-3048-9PM,540,324
G-3060-9PM,604,362
G-2436-9P-WSP,428,257
G-2448-9P-WSP,462,277
G-2436-9PM-WSP,498,299
G-2448-9PM-WSP,536,322
G-2436-10SR,392,235
G-2448-10SR,436,262
G-3048-10SR,468,281
G-3060-10SR,500,300
G-8V2-1P,354,212
G-8V2-2P,388,233
G-8V2-5P,430,258
G-8V2-4P,466,280
G-8V2-1P-T,354,212
G-8V2-2P-T,388,233
G-8V2-5P-T,430,258
G-8V2-4P-T,466,280
G-8V2-2PM,466,280
G-8V2-5PM,540,324
G-8V2-4PM,604,362
G-8V2-1PM-T,424,254
G-8V2-2PM-T,466,280
G-8V2-5PM-T,540,324
G-8V2-4PM-T,604,362
G-8V2-1PT-WSP,428,257
G-8V2-2PT-WSP,462,277
G-8V2-1PMT-WSP,498,299
G-8V2-2PMT-WSP,536,322
GF-2436-9P,360,216
GF-2448-9P,394,236
GF-3048-9P,434,260
GF-2436-9PM,430,258
GF-2448-9PM,482,289
GF-3048-9PM,530,318
GH-8V2-1,484,290
GH-8V2-2,528,317
GH-8V2-7,570,342
GH-8V2-5,570,342
GH-8V2-4,610,366
GH-8V2-8,652,391
GH-8V2-6,748,449
GH-8V2-1FL,532,319
GH-8V2-2FL,576,346
GH-8V2-7FL,618,371
GH-8V2-5FL,618,371
GH-8V2-4FL,658,395
GH-8V2-8-FL,700,420
GH-8V2-6FL,796,478
GH-8V2-1BKPL,552,331
GH-8V2-2-BKPL,596,358
GH-8V2-7-BKPL,638,383
GH-8V2-5-BKPL,638,383
GH-8V2-4-BKPL,678,407
GH-8V2-8-BKPL,720,432
GH-8V2-6-BKPL,816,490
GL-2436-6MR,324,194
GL-2448-6MR,362,217
GL-3048-6MR,400,240
GL-3060-6MR,450,270
GL-2436-8MR,344,206
GL-2448-8MR,382,229
GL-3048-8MR,420,252
GL-3060-8MR,470,282
GL-2436-8MRFL,392,235
GL-2448-8MRFL,430,258
GL-3048-8MRFL,468,281
GL-3060-8MRFL,518,311
GL-2436-8PYBK,370,222
GL-2448-8PYBK,408,245
GL-3048-8PYBK,446,268
GL-3060-8PYBK,496,298
GL-2436-9P,354,212
GL-2448-9P,388,233
GL-3048-9P,430,258
GL-3060-9P,,
GL-2436-9PM,424,254
GL-2448-9PM,466,280
GL-3048-9PM,540,324
GL-3060-9PM,,
GL-2436-9P-WSP,428,257
GL-2448-9P-WSP,462,277
GL-2436-9PM-WSP,498,299
GL-2448-9PM-WSP,536,322
GL-2436-10SR,392,235
GL-2448-10SR,436,262
GL-3048-10SR,468,281
GL-3060-10SR,500,300
GL-8V2-1P,,
GL-8V2-2P,,
GL-8V2-5P,,
GL-8V2-4P,,
GL-8V2-1P-T,,
GL-8V2-2P-T,,
GL-8V2-5P-T,,
GL-8V2-4P-T,,
GL-8V2-1PM,,
GL-8V2-2PM,,
GL-8V2-5PM,,
GL-8V2-4PM,,
GL-8V2-1PM-T,,
GL-8V2-2PM-T,,
GL-8V2-5PM-T,,
GL-8V2-4PM-T,,
GL-8V2-1PT-WSP,,
GL-8V2-2PT-WSP,,
GL-8V2-1PMT-WSP,,
GL-8V2-2PMT-WSP,,
GLF-2436-9P,360,216
GLF-2448-9P,394,236
GLF-3048-9P,434,260
GLF-2436-9PM,430,258
GLF-2448-9PM,482,289
GLF-3048-9PM,530,318
GR-48,58,35
GR-60,64,38
GR-72,72,43
MP-1,14,8
MP-2,18,11
GSC-3636-70,570,342
GSC-3648-70,690,414
GSP-4,350,210
GSP-6,430,258
GSP-8,510,306
GST-6-8PH,616,370
GST-8-8PH,770,462
GSH-36W-40H,486,292
GSH-36W-70H,748,449
GSH-72W-70H,1170,702
GSU-24D-40H,396,238
GSU-36W-40H,440,264
GSU-36W-70H,600,360
GSU-72W-70H,840,504
GSU2-72W-70H,948,569
GSC-72W-70H,1040,624
HE-1648,336,202
HE-1660,348,209
HE-1672,382,229
HE-2448,392,235
HE-2460,416,250
HE-1648-RS,440,264
HE-1660-RS,460,276
HE2-1648,410,246
HE2-1660,446,268
HE2-1672,474,284
HE2-2448,486,292
HE2-2460,524,314
HE2-2448-WSP,516,310
HE2-2460-WSP,554,332
HRS-3648-3,2220,1332
HT-3651-6PH,484,290
HT-4857-6PH,510,306
HT-2751-6PY,680,408
IP-1832-2,228,137
IP-2436-2,244,146
IP-2448-2,272,163
IP-2460-2,328,197
IP-3048-2,316,190
IP-3060-2,364,218
IP-3072-2,410,246
IP-2436-2-6PY,362,217
IP-2448-2-6PY,399,239
IP-2460-2-6PY,450,270
IP-3048-2-6PY,440,264
IP-3060-2-6PY,470,282
IP-3072-2-6PY,520,312
IP-3672-2-6PY,583,350
IP-1832-2-TL,268,161
IP-2436-2-TL,284,170
IP-2448-2-TL,312,187
IP-2460-2-TL,368,221
IP-3048-2-TL,356,214
IP-3060-2-TL,404,242
IP-3072-2-TL,450,270
IP-1832-2BRK,238,143
IP-2436-2BRK,254,152
IP-2448-2BRK,282,169
IP-2460-2BRK,338,203
IP-3048-2BRK,326,196
IP-3060-2BRK,374,224
IP-3072-2-BRK,420,252
IP-1832RM-BRK,230,138
IP-2436RM-BRK,246,148
IP-2448RM-BRK,268,161
IP-2460RM-BRK,314,188
IP-3048RM-BRK,302,181
IP-3060RM-BRK,334,200
IP-3072RM-BRK,374,224
IP-2436-9P,376,226
IP-2448-9P,406,244
IP-3048-9P,438,263
IP-2436-9PM,452,271
IP-2448-9PM,510,306
IP-3048-9PM,546,328
IP-2436-9PT,376,226
IP-2448-9PT,406,244
IP-3048-9PT,438,263
IP-2436-9PMT,452,271
IP-2448-9PMT,510,306
IP-3048-9PMT,546,328
IP-1832-UPS,248,149
IP-2436-UPS,264,158
IPG2436-8PHFLPL,618,371
IPG2448-8PHFLPL,656,394
IPG2460-8PHFLPL,700,420
IPG3048-8PHFLPL,700,420
IPG3060-8PHFLPL,748,449
IPG3072-8PHFLPL,800,480
IPG3672-8PHFLPL,840,504
IPH-3048-8PHBK,632,379
IPH-3060-8PHBK,676,406
IPH-3660-8PHBK,716,430
IPH-3672-8PHBK,760,456
LC-2448-6MR,460,276
LC-2448-6PY,480,288
LC-3048-6MR,476,286
LC-3048-6PY,496,298
LCP-2436-S-6PY,320,192
LW-2436-8S,222,133
LW-2436-10,234,140
LW-2436-10P,278,167
LW2436-10-FSD,234,140
LW2436-10P-FSD,278,167
LDW-2436-X6-10,280,168
LDW-2436-X6-10P,322,193
LWP-2436-10,234,140
LWP-2436-10P,278,167
LWP-2436-10-G,234,140
LWP-2436-10P-G,278,167
LDST-1824-BRK,202,121
LDST-1832-BRK,214,128
LDST-2436-BRK,240,144
LDST-2448-BRK,272,163
LDST-3048-BRK,310,186
LDST-3060-BRK,350,210
LG-2436-6PY,314,188
LG-2448-6PY,346,208
LG-3048-6PY,384,230
LG-3060-6PY,424,254
LG-2436-8P-T,360,216
LG-2448-8P-T,394,236
LG-3048-8P-T,434,260
LG-2436-8PMT,430,258
LG-2448-8PMT,482,289
LG-3048-8PMT,530,318
LG-1824-BRK,202,121
LG-2436-BRK,240,144
LG-2448-BRK,272,163
LG-3048-BRK,310,186
LG-3060-BRK,350,210
LG-2436-BK-DR,370,222
LG-2448-BK-DR,402,241
LG2436BK2DR,500,300
LG2448BK2DR,532,319
LG-1824-S-BRK,218,131
LG-1832-S-BRK,230,138
LG-2436-S-BRK,256,154
LG-2448-S-BRK,288,173
LG-3048-S-BRK,326,196
LG-1832-UPS,222,133
LG-2436-UPS,246,148
LG-1832-WSBRK,254,152
LG2436-WSBRK,280,168
LG2448-WSBRK,312,187
LG2436-WSBK-DR,400,240
LG2448-WSBK-DR,432,259
LG1832-WS-P-BK,288,173
LG2436-WS-P-BK,314,188
LG2448-WS-P-BK,346,208
LGL-2436-6PY,314,188
LGL-2448-6PY,346,208
LGL-3048-6PY,384,230
LGL-3060-6PY,424,254
LGL-2436-8P-T,360,216
LGL-2448-8P-T,394,236
LGL-3048-8P-T,434,260
LGL-2436-8PMT,430,258
LGL-2448-8PMT,482,289
LGL-3048-8PMT,530,318
LGL-1824-BRK,202,121
LGL-1832-BRK,214,128
LGL-2436-BRK,240,144
LGL-2448-BRK,272,163
LGL-3048-BRK,310,186
LGL-3060-BRK,350,210
LGL-2436-BK-DR,370,222
LGL-2448-BK-DR,402,241
LGL2436BK2DR,500,300
LGL2448BK2DR,532,319
LGL-1824-S-BRK,218,131
LGL-1832-S-BRK,230,138
LGL-2436-S-BRK,256,154
LGL-2448-S-BRK,288,173
LGL-3048-S-BRK,326,196
LGL-1832-UPS,222,133
LGL-2436-UPS,246,148
LGL-1832WSBRK,254,152
LGL2436-WSBRK,280,168
LGL2448-WSBRK,312,187
LGL2436-WSBK-DR,400,240
LGL2448-WSBK-DR,432,259
LGL1832-WS-P-BK,288,173
LGL2436-WS-P-BK,314,188
LGL2448-WS-P-BK,346,208
LGLP-2436-BK,270,162
LGLP-2448-BK,312,187
LGLP-2436-9P-G,378,227
LGLP-2448-9P-G,416,250
LK-1824-5PYBK,202,121
LK-1832-5PYBK,214,128
LK-2436-5PYBK,240,144
LK-2448-5PYBK,272,163
LK-3048-5PYBK,310,186
LK-3060-5PYBK,350,210
LK1832-5PYBKAH,294,176
LK2436-5PYBKAH,320,192
LK2448-5PYBKAH,352,211
LK3048-5PYBKAH,390,234
LK3060-5PYBKAH,430,258
LK-2436-9P,370,222
LK-2448-9P,410,246
LK-3048-9P,440,264
LK-2436-9PM,420,252
LK-2448-9PM,477,286
LK-3048-9PM,529,317
LKL-1824-5PYBK,202,121
LKL-1832-5PYBK,214,128
LKL-2436-5PYBK,240,144
LKL-2448-5PYBK,272,163
LKL-3048-5PYBK,310,186
LKL-3060-5PYBK,350,210
LKL1832-5PYBKAH,294,176
LKL2436-5PYBKAH,320,192
LKL2448-5PYBKAH,352,211
LKL3048-5PYBKAH,390,234
LKL3060-5PYBKAH,430,258
LKL-2436-9P,370,222
LKL-2448-9P,410,246
LKL-3048-9P,440,264
LKL-2436-9PM,420,252
LKL-2448-9PM,477,286
LKL-3048-9PM,529,317
LUST-1824-BRK,202,121
LUST-1832-BRK,214,128
LUST-2436-BRK,240,144
LUST-2448-BRK,272,163
LUST-3048-BRK,310,186
LUST-3060-BRK,350,210
MB-2448-FL,610,366
MJ-2448-FL,830,498
MH-2448-FL,640,384
MM-2448-FL,670,402
MB3-2448-FL,678,407
MJ3-2448-FL,898,539
MH3-2448-FL,708,425
MM3-2448-FL,738,443
MB-2448-2DRFL,870,522
MJ-2448-2DRFL,1090,654
MH-2448-2DRFL,900,540
MM-2448-2DRFL,930,558
MB-2448-HDFL,810,486
MJ-2448-HDFL,1030,618
MH-2448-HDFL,840,504
MM-2448-HDFL,870,522
MB-2D-2448-FL,764,458
MJ-2D-2448-FL,984,590
MH-2D-2448-FL,794,476
MM-2D-2448-FL,824,494
MB2D-2448-2DRFL,1024,614
MJ2D-2448-2DRFL,1244,746
MH2D-2448-2DRFL,1054,632
MM2D-2448-2DRFL,1084,650
MB-2D-2448-HDFL,964,578
MJ-2D-2448-HDFL,1184,710
MH-2D-2448-HDFL,994,596
MM-2D-2448-HDFL,1024,614
MB3-2D-2448-FL,832,499
MJ3-2D-2448-FL,1052,631
MH3-2D-2448-FL,862,517
MM3-2D-2448-FL,892,535
MB-2448-FL-PB,700,420
MJ-2448-FL-PB,920,552
MH-2448-FL-PB,730,438
MM-2448-FL-PB,760,456
MB3-2448-FL-PB,768,461
MJ3-2448-FL-PB,988,593
MH3-2448-FL-PB,798,479
MM3-2448-FL-PB,828,497
MB-2D-2448-FLPB,854,512
MJ-2D-2448-FLPB,1074,644
MH-2D-2448-FLPB,884,530
MM-2D-2448-FLPB,914,548
MB3-2D-2448FLPB,922,553
MJ3-2D-2448FLPB,1142,685
MH3-2D-2448FLPB,952,571
MM3-2D-2448FLPB,982,589
MB-2448-HDFL-PB,900,540
MJ-2448-HDFL-PB,1120,672
MH-2448-HDFL-PB,930,558
MM-2448-HDFL-PB,960,576
MB2D-2448HDFLPB,1054,632
MJ2D-2448HDFLPB,1274,764
MH2D-2448HDFLPB,1084,650
MM2D-2448HDFLPB,1114,668
MB-2448-2DRFLPB,960,576
MJ-2448-2DRFLPB,1180,708
MH-2448-2DRFLPB,990,594
MM-2448-2DRFLPB,1020,612
MB2D24482DRFLPB,1114,668
MJ2D24482DRFLPB,1334,800
MH2D24482DRFLPB,1144,686
MM2D24482DRFLPB,1174,704
MB-2448-FL-LP,700,420
MJ-2448-FL-LP,920,552
MH-2448-FL-LP,730,438
MM-2448-FL-LP,760,456
MB3-2448-FL-LP,768,461
MJ3-2448-FL-LP,988,593
MH3-2448-FL-LP,798,479
MM3-2448-FL-LP,828,497
MB-2D-2448-FLLP,854,512
MJ-2D-2448-FLLP,1074,644
MH-2D-2448-FLLP,884,530
MM-2D-2448-FLLP,914,548
MB3-2D-2448FLLP,922,553
MJ3-2D-2448FLLP,1142,685
MH3-2D-2448FLLP,952,571
MM3-2D-2448FLLP,982,589
MB-2448-HDFL-LP,900,540
MJ-2448-HDFL-LP,1120,672
MH-2448-HDFL-LP,930,558
MM-2448-HDFL-LP,960,576
MB2D-2448HDFLLP,1054,632
MJ2D-2448HDFLLP,1274,764
MH2D-2448HDFLLP,1084,650
MM2D-2448HDFLLP,1114,668
MB-2448-2DRFLLP,960,576
MJ-2448-2DRFLLP,1180,708
MH-2448-2DRFLLP,990,594
MM-2448-2DRFLLP,1020,612
MB2D24482DRFLLP,1114,668
MJ2D24482DRFLLP,1334,800
MH2D24482DRFLLP,1144,686
MM2D24482DRFLLP,1174,704
MB3-LL-2D-2448,782,469
MJ3-LL-2D-2448,1002,601
MH3-LL-2D-2448,812,487
MBP3-LL-2D-2448,824,494
MJP3-LL-2D-2448,1094,656
MHP3-LL-2D-2448,904,542
MB3-LL-2D-2448-PB,872,523
MJ3-LL-2D-2448-PB,1092,655
MH3-LL-2D-2448-PB,902,541
MBP3-LL-2D-2448-PB,914,548
MJP3-LL-2D-2448-PB,1184,710
MHP3-LL-2D-2448-PB,994,596
MB3-LL-2D-2448-LP,872,523
MJ3-LL-2D-2448-LP,1092,655
MH3-LL-2D-2448-LP,902,541
MBP3-LL-2D-2448-LP,914,548
MJP3-LL-2D-2448-LP,1184,710
MHP3-LL-2D-2448-LP,994,596
MBP2D-2448-FL,806,484
MJP2D-2448-FL,1026,616
MHP2D-2448-FL,836,502
MMP2D-2448-FL,866,520
MBP2D-FL-PB,896,538
MJP2D-FL-PB,1116,670
MHP2D-FL-PB,926,556
MMP2D-FL-PB,956,574
MBP2D-FL-LP,896,538
MJP2D-FL-LP,1116,670
MHP2D-FL-LP,926,556
MMP2D-FL-LP,956,574
MBP2D2448-2DRFL,1066,640
MJP2D2448-2DRFL,1286,772
MHP2D2448-2DRFL,1096,658
MMP2D2448-2DRFL,1181,709
MBP2D-2DRFL-PB,1156,694
MJP2D-2DRFL-PB,1376,826
MHP2D-2DRFL-PB,1186,712
MMP2D-2DRFL-PB,1116,670
MBP2D-2DRFL-LP,1156,694
MJP2D-2DRFL-LP,1376,826
MHP2D-2DRFL-LP,1186,712
MMP2D-2DRFL-LP,1116,670
MBP2D-2448-HDFL,1006,604
MJP2D-2448-HDFL,1226,736
MHP2D-2448-HDFL,1036,622
MM2D-2448-HDFL,1066,640
MBP2D-HDFL-PB,1096,658
MJP2D-HDFL-PB,1316,790
MHP2D-HDFL-PB,1126,676
MM2D-HDFL-PB,1156,694
MBP2D-HDFL-LP,1096,658
MJP2D-HDFL-LP,1316,790
MHP2D-HDFL-LP,1126,676
MM2D-HDFL-LP,1156,694
MBP3-2D-2448-FL,874,524
MJP3-2D-2448-FL,1094,656
MHP3-2D-2448-FL,904,542
MMP3-2D-2448-FL,934,560
MBP3-2D-FL-PB,964,578
MJP3-2D-FL-PB,1184,710
MHP3-2D-FL-PB,994,596
MMP3-2D-FL-PB,824,494
MBP3-2D-FL-LP,964,578
MJP3-2D-FL-LP,1184,710
MHP3-2D-FL-LP,994,596
MMP3-2D-FL-LP,824,494
MC-2436TL,350,210
MCJ-2436TL,530,318
MCH-2436TL,380,228
MCM-2436TL,390,234
MC3-2436TL,400,240
MCJ3-2436TL,580,348
MCH3-2436TL,430,258
MCM3-2436TL,440,264
MC-2436-2DRTL,610,366
MCJ-2436-2DRTL,790,474
MCH-2436-2DRTL,640,384
MCM-2436-2DRTL,650,390
MC-2436-4DRTL,870,522
MCJ-2436-4DRTL,1050,630
MCH-2436-4DRTL,900,540
MCM-2436-4DRTL,910,546
MC-2436-HDTL,548,329
MCJ-2436-HDTL,728,437
MCH-2436-HDTL,578,347
MCM-2436-HDTL,588,353
MC1D2436-1DRTL,620,372
MCJ1D2436-1DRTL,800,480
MCH1D2436-1DRTL,650,390
MCM1D2436-1DRTL,660,396
MC1D2436-2DRTL,750,450
MCJ1D2436-2DRTL,930,558
MCH1D2436-2DRTL,780,468
MCM1D2436-2DRTL,790,474
MC1D2436-4DRTL,1028,617
MCJ1D2436-4DRTL,1208,725
MCH1D2436-4DRTL,1058,635
MCM1D2436-4DRTL,1068,641
MC2D2436-2DRTL,760,456
MCJ2D2436-2DRTL,940,564
MCH2D2436-2DRTL,790,474
MCM2D2436-2DRTL,800,480
MC2D2436-4DRTL,1020,612
MCJ2D2436-4DRTL,1200,720
MCH2D2436-4DRTL,1050,630
MCM2D2436-4DRTL,1060,636
MC2D-2436-HDTL,680,408
MCJ2D-2436-HDTL,860,516
MCH2D-2436-HDTL,710,426
MCM2D-2436-HDTL,720,432
MC-2D-2436-TL,450,270
MCJ-2D-2436-TL,630,378
MCH-2D-2436-TL,480,288
MCM-2D-2436-TL,490,294
MC3-2D-2436-TL,524,314
MCJ3-2D-2436-TL,704,422
MCH3-2D-2436-TL,554,332
MCM3-2D-2436-TL,564,338
MC3-1D-1818-LL,396,238
MC3-2D-2424-LL,492,295
MC3-2D-2436-LL,524,314
MCJ3-2D-2436-LL,704,422
MCH3-2D-2436-LL,554,332
MCM3-2D-2436-LL,564,338
MD-1824-3R,80,48
MD-1832-3R,90,54
MD-2436-3R,102,61
MDP-2436-3R,114,68
MD-2448-5PY,154,92
MD-3048-5PY,169,101
MD-3060-5PY,189,113
MIC-2436,440,264
MIC-2436-5,350,210
MIC-2436-5-BRK,370,222
MIC-2436-5TL,390,234
MIC-2436-10SR,450,270
MIC-2436-DR,580,348
MIC-2436-5-DR,490,294
MIC-2436-10SRDR,590,354
MIC-8BK-PSDR,640,384
MIC-5BK-PSDR,534,320
MIC-5TL-PSDR,554,332
MIC-10SRBK-PSDR,650,390
MIC-2436-T,440,264
MIC-2436-5T,350,210
MIC-2436-5-TL-T,390,234
MIC-2436-DR-T,580,348
MIC-2436-5-DR-T,490,294
MIC-8BK-PSDR-T,640,384
MIC-5BK-PSDR-T,534,320
MIC-5TL-PSDR-T,554,332
MICE-2436-T,,
MICE-2436-5BKT,,
MICE-2436-10SR-T,,
MS1-1532-6PH,654,392
MS2-1532-6PH,700,420
MS3-1532-6PH,770,462
MS4-1532-6PH,838,503
MS1-1532-FP,644,386
MS2-1532-FP,690,414
MS3-1532-FP,760,456
MS4-1532-FP,828,497
MT1-1824-18,96,58
MT1-1824-24,100,60
MT1-1824-30,104,62
MT1-1824-36,108,65
MT1-1824-42,112,67
MT1-2436-18,124,74
MT1-2436-24,128,77
MT1-2436-30,132,79
MT1-2436-36,136,82
MT1-2436-42,140,84
MT1-2448-18,160,96
MT1-2448-24,166,100
MT1-2448-30,172,103
MT1-2448-36,176,106
MT1-2448-42,180,108
MT1-1824-18-3R,166,100
MT1-1824-24-3R,170,102
MT1-1824-30-3R,174,104
MT1-1824-36-3R,178,107
MT1-1824-42-3R,182,109
MT1-2436-18-3R,194,116
MT1-2436-24-3R,198,119
MT1-2436-30-3R,202,121
MT1-2436-36-3R,206,124
MT1-2436-42-3R,210,126
MT1-2448-18-3R,230,138
MT1-2448-24-3R,236,142
MT1-2448-30-3R,242,145
MT1-2448-36-3R,246,148
MT1-2448-42-3R,250,150
MT1-1824-18-ED,202,121
MT1-1824-24-ED,206,124
MT1-1824-30-ED,210,126
MT1-1824-36-ED,214,128
MT1-1824-42-ED,218,131
MT1-2436-18-ED,230,138
MT1-2436-24-ED,234,140
MT1-2436-30-ED,238,143
MT1-2436-36-ED,242,145
MT1-2436-42-ED,246,148
MT1-2448-18-ED,266,160
MT1-2448-24-ED,272,163
MT1-2448-30-ED,278,167
MT1-2448-36-ED,282,169
MT1-2448-42-ED,286,172
MT1-1824-18ED3R,274,164
MT1-1824-24ED3R,278,167
MT1-1824-30ED3R,282,169
MT1-1824-36ED3R,286,172
MT1-1824-42ED3R,290,174
MT1-2436-18ED3R,302,181
MT1-2436-24ED3R,306,184
MT1-2436-30ED3R,310,186
MT1-2436-36ED3R,314,188
MT1-2436-42ED3R,318,191
MT1-2448-18ED3R,338,203
MT1-2448-24ED3R,344,206
MT1-2448-30ED3R,350,210
MT1-2448-36ED3R,354,212
MT1-2448-42ED3R,358,215
MT1824-2,148,89
MT1832-2,156,94
MT2436-2,186,112
MT2448-2,224,134
MT2460-2,248,149
MT3048-2,246,148
MT3060-2,290,174
MT1824-3,200,120
MT1832-3,210,126
MT2436-3,262,157
MT2448-3,316,190
MT2460-3,340,204
MT3048-3,338,203
MT3060-3,400,240
MTB1-2436-36-3R,752,451
MTB1-2436-42-3R,756,454
MTB1-2436-48-3R,764,458
MTB1-2436-36-LL,728,437
MTB1-2436-42-LL,732,439
MTB1-2436-48-LL,736,442
MTH1-1630-24,264,158
MTH1-1630-30,276,166
MTH1-1630-36,288,173
MTH1-2230-24,286,172
MTH1-2230-30,298,179
MTH1-2230-36,310,186
MTH1-2830-24,308,185
MTH1-2830-30,320,192
MTH1-2830-36,332,199
MTH1-3036-24,342,205
MTH1-3036-30,354,212
MTH1-3036-36,366,220
MTH1-3048-24,392,235
MTH1-3048-30,404,242
MTH1-3048-36,416,250
MTH1-3060-24,452,271
MTH1-3060-30,464,278
MTH1-3060-36,476,286
MTH1-1630-AH,358,215
MTH1-2230-AH,380,228
MTH1-2830-AH,402,241
MTH1-3036-AH,436,262
MTH1-3048-AH,486,292
MTH1-3060-AH,546,328
MU-1824-3R,80,48
MU-1832-3R,90,54
MU-2436-3R,102,61
MUP-2436-3R,114,68
MU-2448-5PY,154,92
MU-3048-5PY,169,101
MU-3060-5PY,189,113
MW-2436-TL,264,158
MW-2436-TL-DR,384,230
MW-2436-TL-2DR,504,302
MW-2448-5TL,306,184
MW-2448-5TL-DR,426,256
MW-2448-5TL-2DR,546,328
MW-2436-5TL-PB,354,212
MW2436-5TL-DRPB,474,284
MW2436-5TL2DRPB,594,356
MW-2448-5TL-PB,406,244
MW2448-5TL-DRPB,526,316
MW2448-5TL-2DRPB,656,394
MW-2436-5TL-LP,354,212
MW2436-5TL-DRLP,474,284
MW2436-5TL2DRLP,594,356
MW-2448-5TL-LP,406,244
MW2448-5TL-DRLP,526,316
MW2448-5TL-2DRLP,656,394
NB6W-2448-6MR,356,214
NB6W-2460-6MR,376,226
NB6W-3048-6MR,384,230
NB6W-3060-6MR,412,247
NB6W-3072-6MR,434,260
NB6W-3660-6MR,428,257
NB6W-3672-6MR,458,275
NB6W-2448-6PY,356,214
NB6W-2460-6PY,376,226
NB6W-3048-6PY,384,230
NB6W-3060-6PY,412,247
NB6W-3072-6PY,434,260
NB6W-3660-6PY,428,257
NB6W-3672-6PY,458,275
NBB-2436-6MR,270,162
NBB-2448-6MR,286,172
NBB-2460-6MR,312,187
NBB-3048-6MR,312,187
NBB-3060-6MR,348,209
NBB-3072-6MR,378,227
NBB-3660-6MR,378,227
NBB-3672-6MR,408,245
NBB-4872-6MR,468,281
NBB-2436-6MR-2H,336,202
NBB-2448-6MR-2H,352,211
NBB-2460-6MR-2H,378,227
NBB-3048-6MR-2H,378,227
NBB-3060-6MR-2H,414,248
NBB-3072-6MR-2H,444,266
NBB-3660-6MR-2H,444,266
NBB-3672-6MR-2H,474,284
NBB-2436-8MR,290,174
NBB-2448-8MR,306,184
NBB-2460-8MR,332,199
NBB-3048-8MR,332,199
NBB-3060-8MR,368,221
NBB-3072-8MR,398,239
NBB-3660-8MR,398,239
NBB-3672-8MR,428,257
NBB-4872-8MR,488,293
NBB-2436-8MRFL,338,203
NBB-2448-8MRFL,354,212
NBB-2460-8MRFL,380,228
NBB-3048-8MRFL,380,228
NBB-3060-8MRFL,416,250
NBB-3072-8MRFL,446,268
NBB-3660-8MRFL,446,268
NBB-3672-8MRFL,476,286
NBB-2436-8PY-2H,374,224
NBB-2448-8PY-2H,390,234
NBB-2460-8PY-2H,416,250
NBB-3048-8PY-2H,416,250
NBB-3060-8PY-2H,450,270
NBB-3072-8PY-2H,480,288
NBB-3660-8PY-2H,480,288
NBB-3672-8PY-2H,508,305
NBB-2436-8PYBK,318,191
NBB-2448-8PYBK,334,200
NBB-2460-8PYBK,360,216
NBB-3048-8PYBK,360,216
NBB-3060-8PYBK,394,236
NBB-3072-8PYBK,424,254
NBB-3660-8PYBK,424,254
NBB-3672-8PYBK,452,271
NBB-4872-8PYBK,512,307
NBB-2436-8SR,310,186
NBB-2448-8SR,326,196
NBB-2460-8SR,352,211
NBB-3048-8SR,352,211
NBB-3060-8SR,388,233
NBB-3072-8SR,418,251
NBB-3672-8SR,448,269
NBB-2436-9P,320,192
NBB-2448-9P,330,198
NBB-2460-9P,350,210
NBB-3048-9P,350,210
NBB-3060-9P,404,242
NBB-3072-9P,414,248
NBB-3672-9P,460,276
NBB-2436-10P,350,210
NBB-2448-10P,360,216
NBB-2460-10P,380,228
NBB-3048-10P,380,228
NBB-3060-10P,434,260
NBB-3072-10P,456,274
NBB-3672-10P,490,294
NBB-2436-10SR,332,199
NBB-2448-10SR,348,209
NBB-2460-10SR,368,221
NBB-3048-10SR,368,221
NBB-3060-10SR,424,254
NBB-3072-10SR,458,275
NBB-3672-10SR,482,289
NBN-3060-6MR,430,258
NBP-2436-8PUBK,362,217
NBP-2448-8PUBK,378,227
NBP-3048-8PUBK,400,240
NBP-3060-8PUBK,430,258
NBP-3072-8PUBK,456,274
NBP-3660-8PUBK,456,274
NBP-3672-8PUBK,490,294
NBP-2436-8MRBK,342,205
NBP-2448-8MRBK,358,215
NBP-3048-8MRBK,380,228
NBP-3060-8MRBK,410,246
NBP-3072-8MRBK,436,262
NBP-3660-8MRBK,436,262
NBP-3672-8MRBK,470,282
NBP6W-2448-6MR,386,232
NBP6W-2460-6MR,406,244
NBP6W-3048-6MR,414,248
NBP6W-3060-6MR,442,265
NBP6W-3072-6MR,464,278
NBP6W-3660-6MR,458,275
NBP6W-3672-6MR,488,293
NBP6W-2448-6PY,386,232
NBP6W-2460-6PY,406,244
NBP6W-3048-6PY,414,248
NBP6W-3060-6PY,442,265
NBP6W-3072-6PY,464,278
NBP6W-3660-6PY,458,275
NBP6W-3672-6PY,488,293
NBH-2448-PH,518,311
NBH-3048-PH,546,328
NBH-3060-PH,572,343
NBH-3072-PH,598,359
NBH-3660-PH,598,359
NBH-3672-PH,632,379
NBH-2448-PU,554,332
NBH-3048-PU,582,349
NBH-3060-PU,612,367
NBH-3072-PU,628,377
NBH-3660-PU,628,377
NBH-3672-PU,672,403
NBH-2448-MR,478,287
NBH-3048-MR,506,304
NBH-3060-MR,532,319
NBH-3072-MR,558,335
NBH-3660-MR,558,335
NBH-3672-MR,592,355
NBX3-2436-6MR,290,174
NBX3-2448-6MR,310,186
NBX3-3060-6MR,384,230
NBX3-2436-6PY,300,180
NBX3-2448-6PY,320,192
NBX3-3060-6PY,394,236
NCB-2436-8PYBK,350,210
NCB-2448-8PYBK,366,220
NCB-2460-8PYBK,392,235
NCB-3048-8PYBK,392,235
NCB-3060-8PYBK,394,236
NCB-3072-8PYBK,424,254
NCB-3660-8PYBK,456,274
NCB-3672-8PYBK,484,290
NCB-4872-8PYBK,544,326
NP-2448-G,344,206
NP2-2436-G,396,238
NP2-2448-G,430,258
OE-2448-6MR,422,253
OE-2460-6MR,448,269
OE-3048-6MR,448,269
OE-3060-6MR,470,282
OE-2448-6PY,432,259
OE-2460-6PY,458,275
OE-3048-6PY,458,275
OE-3060-6PY,480,288
OT2436-6MR,430,258
OT2448-6MR,460,276
OT2460-6MR,492,295
OT3048-6MR,496,298
OT3060-6MR,532,319
OT2436-6PPY,440,264
OT2448-6PPY,470,282
OT2460-6PPY,502,301
OT3048-6PPY,506,304
OT3060-6PPY,542,325
PD-4048-6PH,276,166
PD-4248-6PH,282,169
PD-4848-6PH,286,172
PD-4048-6PH-2FL,346,208
PD-4248-6PH-2FL,352,211
PD-4848-6PH-2FL,356,214
PDCS-40-8MR,481,289
PDCS-42-8MR,487,292
PDCS-48-8MR,494,296
PDE-4048-6PH2FL,498,299
PDE-4248-6PH2FL,504,302
PDE-4848-6PH2FL,510,306
PDSE4048-6PH2FL,569,341
PDSE4248-6PH2FL,575,345
PDSE4848-6PH2FL,593,356
PDEH4048-6PH2FL,550,330
PDEH4248-6PH2FL,556,334
PDEH4848-6PH2FL,562,337
PDSEH40486PH2FL,621,373
PDSEH42486PH2FL,627,376
PDSEH48486PH2FL,645,387
PDF-4048-6PH,391,235
PDF-4248-6PH,397,238
PDF-4848-6PH,403,242
PDF-4048-6PH2FL,461,277
PDF-4248-6PH2FL,467,280
PDF-4848-6PH2FL,473,284
PDFS-4048-6PH,459,275
PDFS-4248-6PH,469,281
PDFS-4848-6PH,482,289
PDFS4048-6PH2FL,529,317
PDFS4248-6PH2FL,539,323
PDFS4848-6PH2FL,552,331
PDH-4048-6PH,328,197
PDH-4248-6PH,334,200
PDH-4848-6PH,338,203
PDH-4048-6PH2FL,398,239
PDH-4248-6PH2FL,404,242
PDH-4848-6PH2FL,408,245
PDS4048-6PH2FL,413,248
PDS4248-6PH2FL,418,251
PDS4848-6PH2FL,433,260
PDSH4048-6PH2FL,455,273
PDSH-4248-6PH2FL,460,276
PDSH4848-6PH2FL,475,285
PDS4048-6PH,344,206
PDS4248-6PH,350,210
PDS4848-6PH,365,219
PDS-40-6PHFP,518,311
PDS-42-6PHFP,525,315
PDS-48-6PHFP,546,328
PDS-40-6PHFP2FL,588,353
PDS-42-6PHFP2FL,595,357
PDS-48-6PHFP2FL,616,370
PDSH4048-6PH,387,232
PDSH4248-6PH,392,235
PDSH4848-6PH,407,244
PDST-4048-6PH,376,226
PDST-4248-6PH,382,229
PDST-4848-6PH,397,238
PDST-4048-6PHFL,424,254
PDST-4248-6PHFL,430,258
PDST-4848-6PHFL,445,267
PDT-4048-6PH,308,185
PDT-4248-6PH,314,188
PDT-4848-6PH,318,191
PDT-4048-6PHFL,356,214
PDT-4248-6PHFL,362,217
PDT-4848-6PHFL,366,220
PPT-2848-6M,720,432
PPT-2860-6M,780,468
PSR-2224-3RBKDR,420,252
PSR-2436-3RBKDR,472,283
PSR-2224-LLDR,400,240
PSR-2436-LLDR,452,271
PSX-2224-3RBKDR,669,401
PSX-2436-3RBKDR,731,439
PSX-2224-LLDR,649,389
PSX-2436-LLDR,711,427
PT-2436-5PY,250,150
PTC-2436-5PY,270,162
QC2436-TL2DRPB,693,416
QC2448-TL2DRPB,744,446
QC2460-TL2DRPB,789,473
R-2448-S,478,287
R-3048-S,506,304
R-3060-S,532,319
R-3072-S,558,335
R-3660-S,558,335
R-3672-S,592,355
R-2448-DIA-4PS,518,311
R-3048-DIA-4PS,546,328
R-3060-DIA-4PS,572,343
R-3072-DIA-4PS,598,359
R-3660-DIA-4PS,598,359
R-3672-DIA-4PS,632,379
RC-2448-5PYTL,338,203
RC-2448-5PYTL2DR,640,384
RCM-2448-5PYTL,480,288
RCM2448-TL-4DR,1060,636
RD-2446-3,94,56
RD-2452-3,100,60
RD-2458-3,112,67
RD-3646-3,124,74
RD-3652-3,132,79
RD-3658-3,148,89
RD-4246-3,138,83
RD-4252-3,148,89
RD-4258-3,164,98
RD-4846-4,166,100
RD-4852-4,176,106
RD-4858-4,192,115
RDB-36,32,19
RDB-42,36,22
RDB-48,38,23
RDP-2446-3,114,68
RDP-3646-3,142,85
RDP-4246-3,156,94
RDP-4846-4,192,115
RNB-2448-6MR,338,203
RNB-2460-6MR,360,216
RNB-3048-6MR,360,216
RNB-3060-6MR,392,235
RNB-2448-6MR-AH,418,251
RNB-2460-6MR-AH,440,264
RNB-3048-6MR-AH,440,264
RNB-3060-6MR-AH,472,283
RNB-2448-6PY,348,209
RNB-2460-6PY,370,222
RNB-3048-6PY,370,222
RNB-3060-6PY,402,241
RNB-2448-6PY-AH,428,257
RNB-2460-6PY-AH,450,270
RNB-3048-6PY-AH,450,270
RNB-3060-6PY-AH,482,289
RNB2-2448-6MR,407,244
RNB2-2460-6MR,442,265
RNB2-3048-6MR,442,265
RNB2-3060-6MR,488,293
RNB2-2448-6PY,417,250
RNB2-2460-6PY,452,271
RNB2-3048-6PY,452,271
RNB2-3060-6PY,498,299
RNB2-2448-6MR-AH,487,292
RNB2-2460-6MR-AH,522,313
RNB2-3048-6MR-AH,522,313
RNB2-3060-6MR-AH,568,341
RNB2-2448-6PY-AH,497,298
RNB2-2460-6PY-AH,532,319
RNB2-3048-6PY-AH,532,319
RNB2-3060-6PY-AH,578,347
RNH-2448-6MR,378,227
RNH-2460-6MR,420,252
RNH-3048-6MR,400,240
RNH-3060-6MR,452,271
RNH-2448-6MR-AH,458,275
RNH-2460-6MR-AH,500,300
RNH-3048-6MR-AH,480,288
RNH-3060-6MR-AH,532,319
RNH-2448-6PY,388,233
RNH-2460-6PY,430,258
RNH-3048-6PY,410,246
RNH-3060-6PY,462,277
RNH-2448-6PY-AH,468,281
RNH-2460-6PY-AH,510,306
RNH-3048-6PY-AH,490,294
RNH-3060-6PY-AH,542,325
RNH2-2448-6MR,447,268
RNH2-2460-6MR,502,301
RNH2-3048-6MR,482,289
RNH2-3060-6MR,548,329
RNH2-2448-6PY,457,274
RNH2-2460-6PY,512,307
RNH2-3048-6PY,492,295
RNH2-3060-6PY,552,331
RNH2-2448-6MR-AH,527,316
RNH2-2460-6MR-AH,582,349
RNH2-3048-6MR-AH,562,337
RNH2-3060-6MR-AH,628,377
RNH2-2448-6PY-AH,537,322
RNH2-2460-6PY-AH,592,355
RNH2-3048-6PY-AH,572,343
RNH2-3060-6PY-AH,638,383
RNL-2448-6MR,338,203
RNL-2460-6MR,360,216
RNL-3048-6MR,360,216
RNL-3060-6MR,392,235
RNL-2448-6MR-AH,418,251
RNL-2460-6MR-AH,440,264
RNL-3048-6MR-AH,440,264
RNL-3060-6MR-AH,472,283
RNL-2448-6PY,348,209
RNL-2460-6PY,370,222
RNL-3048-6PY,370,222
RNL-3060-6PY,402,241
RNL-2448-6PY-AH,428,257
RNL-2460-6PY-AH,450,270
RNL-3048-6PY-AH,450,270
RNL-3060-6PY-AH,482,289
RNL2-2448-6MR,407,244
RNL2-2460-6MR,442,265
RNL2-3048-6MR,442,265
RNL2-3060-6MR,488,293
RNL2-2448-6PY,417,250
RNL2-2460-6PY,452,271
RNL2-3048-6PY,452,271
RNL2-3060-6PY,498,299
RNL2-2448-6MR-AH,487,292
RNL2-2460-6MR-AH,522,313
RNL2-3048-6MR-AH,522,313
RNL2-3060-6MR-AH,568,341
RNL2-2448-6PY-AH,497,298
RNL2-2460-6PY-AH,532,319
RNL2-3048-6PY-AH,532,319
RNL2-3060-6PY-AH,578,347
RP3S-1832-5PY,290,174
RP3S-2436-5PY,330,198
RP3S-2448-5PY,380,228
RP3S-2436-6PY,376,226
RP3S-2448-6PY,422,253
RP3S-3048-6PY,446,268
RP3S-3060-6PY,500,300
RP4S-1832-5PY,338,203
RP4S-2436-5PY,392,235
RP4S-2448-5PY,448,269
RP4S-3048-5PY,474,284
RP4S-2436-6PY,434,260
RP4S-2448-6PY,490,294
RP4S-3048-6PY,514,308
RP4S-3060-6PY,565,339
RP3X-1832-5PY,314,188
RP3X-2436-5PY,344,206
RP3X-2436-6PY,400,240
RP3X-2448-5PY,370,222
RP3X-2448-6PY,422,253
RP3X-3048-6PY,460,276
RP4X-1832-5PY,350,210
RP4X-2436-5PY,380,228
RP4X-2436-6PY,440,264
RP4X-2448-5PY,412,247
RP4X-2448-6PY,460,276
RP4X-3048-6PY,496,298
RPDS-2436-5PY,454,272
RPDS-2436-6PY,498,299
RPDS-2448-6PY,558,335
RPDS-3048-6PY,580,348
RPDX-2436-6PY,526,316
RPDX-2448-6PY,558,335
RPDX-3048-6PY,594,356
RR-3036,541,325
RS-2436-LL,480,288
RS3-2436-LL,540,324
RS-2D-2436-LL,630,378
RS3-2D-2436-LL,690,414
RT4-8S,212,127
RT3-12P,342,205
S1-2448-6MR,484,290
S1-2460-6MR,518,311
S1-3048-6MR,540,324
S1-3060-6MR,590,354
S1-2448-6PY,494,296
S1-2460-6PY,528,317
S1-3048-6PY,550,330
S1-3060-6PY,600,360
S1-2448-6PY-DS,650,390
S1-2460-6PY-DS,700,420
S1-3048-6PY-DS,720,432
S1-3060-6PY-DS,800,480
S2-2448-6MR,550,330
S2-2460-6MR,600,360
S2-3048-6MR,620,372
S2-3060-6MR,700,420
S2-2448-6PY,560,336
S2-2460-6PY,610,366
S2-3048-6PY,630,378
S2-3060-6PY,710,426
S2-A-2448-6PY,680,408
S2-A-2460-6PY,730,438
S2-A-3048-6PY,750,450
S2-A-3060-6PY,830,498
S3-2448-6MR,600,360
S3-2460-6MR,660,396
S3-3048-6MR,680,408
S3-3060-6MR,750,450
S3-2448-6PY,620,372
S3-2460-6PY,660,396
S3-3048-6PY,690,414
S3-3060-6PY,760,456
SB-2448-6PY,720,432
SB-2460-6PY,772,463
SB-3048-6PY,784,470
SB-3060-6PY,836,502
SB-2448-10SR,800,480
SB-2448-9P,790,474
SB-2460-10SR,852,511
SB-2460-9P,842,505
SB-3048-10SR,864,518
SB-3048-9P,854,512
SB-3060-10SR,916,550
SB-3060-9P,906,544
SBS-2448-10SR,832,499
SBS-3060-10SR,969,581
SBS-2448-6MR,760,456
SBS-3060-6MR,880,528
SC1-2448-6PY-PB,952,571
SC1-2460-6PY-PB,1080,648
SCN-2448-6PY-PB,955,573
SCN-2460-6PY-PB,1054,632
SC1-2448-6PY-LP,952,571
SC1-2460-6PY-LP,1080,648
SCN-2448-6PY-LP,955,573
SCN-2460-6PY-LP,1054,632
SC-2448-6PH,852,511
SC-2460-6PH,970,582
SC-3048-6PH,916,550
SC-3060-6PH,1016,610
SC-3072-6PH,1150,690
SC-3660-6PH,1126,676
SC-3672-6PH,1182,709
SC-2448-6PPY,862,517
SC-2460-6PPY,980,588
SC-3048-6PPY,926,556
SC-3060-6PPY,1026,616
SC-3072-6PPY,1160,696
SC-3660-6PPY,1136,682
SC-3672-6PPY,1192,715
SC-2448-10SR,954,572
SC-2460-10SR,1072,643
SC-3048-10SR,1018,611
SC-A-2448-6PH,972,583
SC-A-2460-6PH,1090,654
SC-A-3048-6PH,1036,622
SC-A-3060-6PH,1136,682
SC-A-2448-6PPY,982,589
SC-A-2460-6PPY,1100,660
SC-A-3048-6PPY,1046,628
SC-A-3060-6PPY,1146,688
SC-A-2448-10SR,1074,644
SC-A-2460-10SR,1192,715
SC-A-3048-10SR,1138,683
SC2-2448-6PH,952,571
SC2-2460-6PH,1070,642
SC2-3048-6PH,1016,610
SC2-3060-6PH,1116,670
SC2-3072-6PH,1290,774
SC2-3660-6PH,1280,768
SC2-3672-6PH,1370,822
SC2-2448-6PPY,962,577
SC2-2460-6PPY,1080,648
SC2-3048-6PPY,1026,616
SC2-3060-6PPY,1126,676
SC2-3072-6PPY,1300,780
SC2-3660-6PPY,1290,774
SC2-3672-6PPY,1380,828
SC2-2448-10SR,1054,632
SC2-2460-10SR,1172,703
SC2-3048-10SR,1118,671
SCN-2448-6PH,855,513
SCN-2460-6PH,944,566
SCN-3048-6PH,889,533
SCN-3060-6PH,985,591
SCN-3072-6PH,1050,630
SCN-3660-6PH,1026,615
SCN-3672-6PH,1069,641
SCN-2448-6PPY,865,519
SCN-2460-6PPY,954,572
SCN-3048-6PPY,899,539
SCN-3060-6PPY,995,597
SCN-3072-6PPY,1060,636
SCN-3660-6PPY,1036,621
SCN-3672-6PPY,1079,647
SCN-2448-10SR,956,574
SCN-2460-10SR,1046,628
SCN-3048-10SR,990,594
SHLF-2447,96,58
SHLF-2459,118,71
SHLF-3047,118,71
SHLF-3059,139,83
SC-2448-NC,802,481
SC-2460-NC,920,552
SC-3048-NC,866,520
SC-3060-NC,956,574
SC-3072-NC,1100,660
SC-3660-NC,1076,646
SC-3672-NC,1132,679
SC2-2448-NC,902,541
SC2-2460-NC,1020,612
SC2-3048-NC,966,580
SC2-3060-NC,1066,640
SC2-3072-NC,1240,744
SC2-3660-NC,1230,738
SC2-3672-NC,1320,792
SC-A-2448-NC,932,559
SC-A-2460-NC,1050,630
SC-A-3048-NC,996,598
SC-A-3060-NC,1096,658
SCN-2448-NC,814,488
SCN-2460-NC,904,542
SCN-3048-NC,848,509
SCN-3060-NC,945,567
SCN-3072-NC,1000,600
SCN-3660-NC,986,592
SCN-3672-NC,1028,617
SGS-R,182,109
SGS-R-EM,212,127
SGH-R,260,156
SH-36-4S-5PYTL,278,167
SL1-2448-PB,1280,768
SL1-2460-PB,1340,804
SL1-3048-PB,1350,810
SL1-3060-PB,1460,876
SL1-2448,920,552
SL1-2460,1040,624
SL1-3048,1060,636
SL1-3060,1130,678
SL1-3072,1250,750
SL1-3660,1250,750
SL1-3672,1310,786
SL1-A-2448,1080,648
SL1-A-2460,1200,720
SL1-A-3048,1210,726
SL1-A-3060,1290,774
SL2-2448,990,594
SL2-2460,1110,666
SL2-3048,1120,672
SL2-3060,1240,744
SL2-3072,1370,822
SL2-3660,1390,834
SL2-3672,1450,870
SL2-A-2448,1160,696
SL2-A-2460,1340,804
SL2-A-3048,1380,828
SL2-A-3060,1410,846
SL5-2424-78,800,480
SLC-2-2448,1090,654
SLC-2-2460,1250,750
SLC-2-3048,1180,708
SLC-2-3060,1320,792
SLN-2448,880,528
SLN-2460,1010,606
SLN-3048,1020,612
SLN-3060,1070,642
SLN-3072,1150,690
SLN-3660,1160,696
SLN-3672,1190,714
SSL2-A-2448,1150,690
SSL2-A-2460,1340,804
SSL2-A-3048,1280,768
SSL2-A-3060,1460,876
SSL2-A-2448-PBD,1366,820
SSL2-A-2460-PBD,1556,934
SSL2-A-3048-PBD,1496,898
SSL2-A-3060-PBD,1676,1006
SSL3-A-2448,1220,732
SSL3-A-2460,1420,852
SSL3-A-3048,1360,816
SSL3-A-3060,1550,930
SSL3-A-2448-PBD,1436,862
SSL3-A-2460-PBD,1636,982
SSL3-A-3048-PBD,1576,946
SSL3-A-3060-PBD,1766,1060
SSLP2-A-2448,1160,696
SSLP2-A-2460,1396,838
SSLP2-A-3048,1318,791
SSLP2-A-3060,1508,905
SSLP3-A-2448,1230,738
SSLP3-A-2460,1276,766
SSLP3-A-3048,1398,839
SSLP3-A-3060,1598,959
SPB ,80,48
SPB-C120,30,18
SSB-5125,372,223
SSB-5125-66,456,274
SSB-5151,614,368
SSB-5176,922,553
SSB-RAMP,250,150
SSB-DCC,13,8
SSB-5125-6PYBK,640,384
SSB512566-6PYBK,724,434
SSB-5151-6PY-FL,880,528
SST-5125,420,252
SST-5125-66,508,305
SST-5151,690,414
SST-5176,1022,613
SST-RAMP,354,212
SST-IBC,1530,918
SST-IBC-2,1850,1110
SS-RD-5149-42,753,452
SS-RD-5149-48,753,452
SSP-5151,550,330
SST-5125-1D,460,276
SST-5151-2D,610,366
SSCN-2448-6PPY,993,596
SSCN-2460-6PPY,1124,674
SSCN-3048-6PPY,1066,639
SSCN-3060-6PPY,1162,697
SSC-2448-6PY,1060,636
SSC-2460-6PY,1200,720
SSC-3048-6PY,1140,684
SSC-3060-6PY,1240,744
SSC2-2448-6PPY,1130,678
SSC2-2460-6PPY,1280,768
SSC2-3048-6PPY,1220,732
SSC2-3060-6PPY,1340,804
SSC-A-2448-6PPY,1180,708
SSC-A-2460-6PPY,1320,792
SSC-A-3048-6PPY,1260,756
SSC-A-3060-6PPY,1360,816
SR-3648,300,180
SR-3648-KD,350,210
SSW-2448-HD-LP,1650,990
SSW-2460-HD-LP,1700,1020
SSW-2448-HD-PB,1650,990
SSW-2460-HD-PB,1700,1020
ST-2448-6PY-PB,800,480
ST-2448-6PY-LP,800,480
T-132-8A,,
T-132-8S,120,72
T-132-10,126,76
T-132-10P,144,86
T-132-10FF,188,113
T-182-8A,,
T-182-8S,126,76
T-182-10,132,79
T-182-10P,150,90
T-182-10FF,194,116
T-200-8A,,
T-200-8S,148,89
T-200-10,156,94
T-200-10P,168,101
T-200-10FF,212,127
T-220-8A,,
T-220-8S,152,91
T-220-10,160,96
T-220-10P,172,103
T-220-10FF,216,130
T-240-8A,,
T-240-8S,152,91
T-240-10,160,96
T-240-10P,172,103
T-240-10FF,216,130
T-320-8A,,
T-320-8S,120,72
T-320-10,126,76
T-320-10P,144,86
T-320-10FF,188,113
T-360-8A,,
T-360-8S,158,95
T-360-10,166,100
T-360-10P,178,107
T-360-10FF,222,133
T-362-8A,,
T-362-8S,162,97
T-362-10,170,102
T-362-10P,182,109
T-362-10FF,226,136
T-364-8A,,
T-364-8S,162,97
T-364-10,170,102
T-364-10P,182,109
T-364-10FF,226,136
T-370-8A,,
T-370-8S,170,102
T-370-10,178,107
T-370-10P,190,114
T-370-10FF,234,140
T-400-10P-4R,220,132
T-400-10-4R,210,126
T-400-10FF-4R,254,152
T1-2448-6MR,444,266
T1-2460-6MR,484,290
T1-3048-6MR,484,290
T1-3060-6MR,522,313
T1-2448-6PPY,454,272
T1-2460-6PPY,494,296
T1-3048-6PPY,494,296
T1-3060-6PPY,532,319
T1-2448-6PY-DS,608,365
T1-2460-6PY-DS,652,391
T1-3048-6PY-DS,658,395
T1-3060-6PY-DS,712,427
T2-2448-6MR,518,311
T2-2460-6MR,562,337
T2-3048-6MR,568,341
T2-3060-6MR,622,373
T2-2448-6PPY,518,311
T2-2460-6PPY,562,337
T2-3048-6PPY,568,341
T2-3060-6PPY,622,373
T2-A-2448-6MR,638,383
T2-A-2460-6MR,682,409
T2-A-3048-6MR,688,413
T2-A-3060-6MR,742,445
T2-A-2448-6PY,648,389
T2-A-2460-6PY,692,415
T2-A-3048-6PY,698,419
T2-A-3060-6PY,752,451
T3-2448-6MR,592,355
T3-2460-6MR,652,391
T3-3048-6MR,668,401
T3-3060-6MR,740,444
T3-2448-6PPY,592,355
T3-2460-6PPY,652,391
T3-3048-6PPY,668,401
T3-3060-6PPY,740,444
SHLF-2447,96,58
SHLF-2459,118,71
SHLF-3047,118,71
SHLF-3059,139,83
T3-2448-6PYFP60,710,426
T3-3048-6PYFP60,780,468
T500-1H,228,137
T510-1H,242,145
T520-1H,252,151
T530-1H,266,160
T510-DIA-UPS,252,151
T520-DIA-UPS,262,157
T530-DIA-1H,276,166
T500-LU,228,137
T510-LU,242,145
T520-LU,252,151
T530-LU,266,160
T500-UPS,238,143
T510-UPS,252,151
T520-UPS,262,157
T510-P-1H,282,169
T520-P-1H,302,181
T510-P-LU,282,169
T520-P-LU,302,181
T700-1H,180,108
T710-1H,196,118
T720-1H,206,124
T730-1H,220,132
T710-DIA-UPS,208,125
T720-DIA-UPS,222,133
T730-DIA-1H,226,136
T700-LU,180,108
T710-LU,196,118
T720-LU,206,124
T730-LU,220,132
T700-UPS,190,114
T710-UPS,206,124
T720-UPS,216,130
T700-LU-UPS,190,114
T710-LU-UPS,206,124
T720-LU-UPS,216,130
T710-P-1H-UPS,226,136
T720-P-1H-UPS,246,148
T710-P-LU-UPS,226,136
T720-P-LU-UPS,246,148
T810-P-9PN-G,270,162
T810-P-9PN-G-LU,270,162
T810P-10SR-G,294,176
T810P-10SR-G-LU,294,176
T820-P-9PN-G,292,175
T820-P-9PN-G-LU,292,175
T820P-10SR-G,316,190
T820P-10SR-G-LU,316,190
T-1000-12P,336,202
TB-1,370,222
TB-1828X12,210,126
TB-2434X12,250,150
TC-2448,740,444
TF-200-8S,168,101
TF-200-10,176,106
TF-200-10P,188,113
TF-200-10FF,232,139
TF-220-8S,172,103
TF-220-10,180,108
TF-220-10P,192,115
TF-220-10FF,236,142
TF-240-8S,172,103
TF-240-10,180,108
TF-240-10P,192,115
TF-240-10FF,236,142
TF-360-8S,178,107
TF-360-10,186,112
TF-360-10P,198,119
TF-360-10FF,242,145
TF-362-8S,182,109
TF-362-10,190,114
TF-362-10P,202,121
TF-362-10FF,246,148
TF-364-8S,182,109
TF-364-10,190,114
TF-364-10P,202,121
TF-364-10FF,246,148
TF-370-8A,218,131
TF-370-8S,186,112
TF-370-10,198,119
TF-370-10P,218,131
TF-370-10FF,254,152
TS-1824-5PY,200,120
TS-1824-5PY-DR,330,198
TS-1832-5PY,214,128
TS-1832-5PY-DR,344,206
TS-2436-5PY,250,150
TS-2436-5PY-DR,380,228
TT-1830-5PY,224,134
TT-1830-5PY-DR,354,212
TT-2436-5PY,260,156
TT-2436-5PY-DR,390,234
TU-1830-5PY,286,172
TU-2436-5PY,342,205
TW-30,256,154
TW-40-10,160,96
TW-40-10P,184,110
TW-42-10,160,96
TW-42-10P,184,110
TW-50-10,312,187
TW-50-12P,330,198
TW-50-16P,354,212
TW-70-8S-3R,212,127
W2448-8PUBK,352,211
W3048-8PUBK,376,226
W3060-8PUBK,422,253
W3672-8PUBK,506,304
W2448-6MR,312,187
W3048-6MR,336,202
W3060-6MR,382,229
W3672-6MR,466,280
W2448-8MR,332,199
W3048-8MR,356,214
W3060-8MR,402,241
W3672-8MR,486,292
WC-2039-5PYTL,280,168
WA-2848,382,229
WA-2848-E,412,247
WA-2848-E-P,482,289
WA-2848-E-R,512,307
WA-2848-P,452,271
WA-2848-PB,472,283
WA-2848-R,482,289
WA-2848-LP,472,283
WA-2860,414,248
WA-2860-E,444,266
WA-2860-E-P,514,308
WA-2860-E-R,554,332
WA-2860-P,484,290
WA-2860-PB,514,308
WA-2860-R,524,314
WA-2860-LP,514,308
WA-2872,444,266
WA-2872-E,474,284
WA-2872-E-P,544,326
WA-2872-E-R,594,356
WA-2872-P,514,308
WA-2872-PB,584,350
WA-2872-R,564,338
WA-2872-LP,584,350
WB-2848,326,196
WB-2848-E,356,214
WB-2848-E-P,426,256
WB-2848-E-R,456,274
WB-2848-P,396,238
WB-2848-PB,416,250
WB-2848-R,426,256
WB-2848-LP,416,250
WB-2860,358,215
WB-2860-E,388,233
WB-2860-E-P,458,275
WB-2860-E-R,498,299
WB-2860-P,428,257
WB-2860-PB,458,275
WB-2860-R,468,281
WB-2860-LP,458,275
WB-2872,388,233
WB-2872-E,418,251
WB-2872-E-P,488,293
WB-2872-E-R,538,323
WB-2872-P,458,275
WB-2872-PB,528,317
WB-2872-R,508,305
WB-2872-LP,528,317
WM-2848,400,240
WM-2848-E,430,258
WM-2848-E-P,500,300
WM-2848-E-R,530,318
WM-2848-P,470,282
WM-2848-PB,490,294
WM-2848-R,500,300
WM-2848-LP,490,294
WM-2860,432,259
WM-2860-E,462,277
WM-2860-E-P,532,319
WM-2860-E-R,572,343
WM-2860-P,502,301
WM-2860-PB,532,319
WM-2860-R,542,325
WM-2860-LP,532,319
WM-2872,462,277
WM-2872-E,492,295
WM-2872-E-P,562,337
WM-2872-E-R,612,367
WM-2872-P,532,319
WM-2872-PB,602,361
WM-2872-R,582,349
WM-2872-LP,602,361
DR-KIT,130,78
"-PB (48""W add)",90,54
"-PB (60""W add)",100,60
"-PB (72""W add)",140,84
"-LP (48""W add)",90,54
"-LP (60""W add)",100,60
"-LP (72""W add)",140,84
WIC-2436-T,544,326
WIC-2436-5-T,450,270
WIC-2436-5TL-T,476,286
WF-3072-AH,464,278
WF-3672-AH,484,290
WF-3684-AH,520,312
WFH-3672-AH,556,334
WFH-3684-AH,602,361
WFJ-3072-AH,888,533
WG-2451,471,282
WG-2451-HD,685,411
WSE-3048,,
WSE-3060,,
WSE-3072,,
WSE-3648,,
WSE-3660,,
WSE-3672,,
WBL-30,,
WBL-36,,
WSE3048-STARTER,348,209
WSE3060-STARTER,370,222
WSE3072-STARTER,388,233
WSE3648-STARTER,380,228
WSE3660-STARTER,384,230
WSE3672-STARTER,406,244
WSE3048-ADD-ON,268,161
WSE3060-ADD-ON,290,174
WSE3072-ADD-ON,308,185
WSE3648-ADD-ON,296,178
WSE3660-ADD-ON,300,180
WSE3672-ADD-ON,322,193
WSH1-2448-36,310,186
WSH1-3048-36,334,200
WSH1-3660-36,409,245
WSH1-3672-36,449,270
WSH1-3684-36,524,315
WSH1-2448-AH,360,216
WSH1-3048-AH,384,230
WSH1-3660-AH,458,275
WSH1-3672-AH,500,300
WSH1-3684-AH,574,344
WSH2-2448-36,332,199
WSH2-3048-36,360,216
WSH2-3660-36,456,273
WSH2-3672-36,514,308
WSH2-3684-36,576,345
WSH2-2448-AH,382,229
WSH2-3048-AH,410,246
WSH2-3660-AH,506,304
WSH2-3672-AH,564,338
WSH2-3684-AH,626,376
WSJ2-2448-36,480,288
WSJ2-3048-36,560,336
WSJ2-3060-36,690,414
WSJ2-3072-36,800,480
WSJ2-2448-36-DR,610,366
WSJ2-3048-36-DR,690,414
WSJ2-3060-36-DR,820,492
WSJ2-3072-36-DR,930,558
WSJ2-2448-AH,530,318
WSJ2-3048-AH,610,366
WSJ2-3060-AH,740,444
WSJ2-3072-AH,850,510
WSJ2-2448-AH-DR,660,396
WSJ2-3048-AH-DR,740,444
WSJ2-3060-AH-DR,870,522
WSJ2-3072-AH-DR,980,588
WSL2-2448-36,302,181
WSL2-2460-36,334,200
WSL2-3048-36,334,200
WSL2-3060-36,363,218
WSL2-3072-36,431,259
WSL2-3660-36,417,250
WSL2-3672-36,462,277
WSL2-3684-36,523,314
WSL2-2448-AH,362,217
WSL2-2460-AH,394,236
WSL2-3048-AH,394,236
WSL2-3060-AH,423,254
WSL2-3072-AH,491,295
WSL2-3660-AH,477,286
WSL2-3672-AH,522,313
WSL2-3684-AH,583,350
WSS2-3048-36,750,450
WSS2-3060-36,858,515
WSS2-3072-36,1062,637
WSS2-3048-AH,810,486
WSS2-3060-AH,918,551
WSS2-3072-AH,1122,673
WST1-2448-36,268,161
WST1-2460-36,294,176
WST1-3048-36,290,174
WST1-3060-36,312,187
WST1-3072-36,364,218
WST1-3660-36,344,206
WST1-3672-36,376,226
WST1-3684-36,438,263
WST1-2448-36-PB,358,215
WST1-3048-36-PB,380,228
WST1-3060-36-PB,412,247
WST1-3072-36-PB,504,302
WST1-3660-36-PB,444,266
WST1-3672-36-PB,516,310
WST1-2448-36-LP,358,215
WST1-3048-36-LP,380,228
WST1-3060-36-LP,412,247
WST1-3072-36-LP,504,302
WST1-3660-36-LP,444,266
WST1-3672-36-LP,516,310
WST1-2448-AH,328,197
WST1-2460-AH,354,212
WST1-3048-AH,350,210
WST1-3060-AH,372,223
WST1-3072-AH,424,254
WST1-3660-AH,404,242
WST1-3672-AH,436,262
WST1-3684-AH,498,299
WST2-2448-36,280,168
WST2-2460-36,310,186
WST2-3048-36,310,186
WST2-3060-36,338,203
WST2-3072-36,402,241
WST2-3660-36,390,234
WST2-3672-36,432,259
WST2-3684-36,490,294
WST2-2448-36-PB,370,222
WST2-3048-36-PB,400,240
WST2-3060-36-PB,438,263
WST2-3072-36-PB,542,325
WST2-3660-36-PB,490,294
WST2-3672-36-PB,572,343
WST2-2448-36-LP,370,222
WST2-3048-36-LP,400,240
WST2-3060-36-LP,438,263
WST2-3072-36-LP,542,325
WST2-3660-36-LP,490,294
WST2-3672-36-LP,572,343
WST2-2448-AH,340,204
WST2-2460-AH,370,222
WST2-3048-AH,370,222
WST2-3060-AH,398,239
WST2-3072-AH,462,277
WST2-3660-AH,450,270
WST2-3672-AH,492,295
WST2-3684-AH,550,330
WT-2424-3R,348,209
WT-2424-LL,316,190
WT-2436-3R,428,257
WT-2436-LL,396,238
WT-2448-3R,508,305
WT-2448-LL,476,286
WT-3048-3R,558,335
WT-3048-LL,526,316
WT-3060-3R,752,451
WT-3060-LL,720,432
WT-3072-3R,822,493
WT-3072-LL,792,475
WT-3672-3R,900,540
WT-3672-LL,878,527
WTS-2424-3R,374,224
WTS-2424-LL,342,205
WTS-2436-3R,470,282
WTS-2436-LL,438,263
WTS-2448-3R,570,342
WTS-2448-LL,538,323
WTS-3048-3R,630,378
WTS-3048-LL,598,359
WTS-3060-3R,882,529
WTS-3060-LL,850,510
WTS-3072-3R,988,593
WTS-3072-LL,959,575
WTS-3672-3R,998,599
WTS-3672-LL,966,580
WT1-2448-LL-42,486,292
WT1-3048-LL-42,536,322
WT1-3060-LL-42,730,438
WT1-3072-LL-42,802,481
WT1-3672-LL-42,900,540
WTC-2424-LL-DR,540,324
WTC-2D-2436-LL,664,398
WTC-2D-2448-LL,827,496
WTC-2D-3048-LL,908,545
WTC-2D-3060-LL,1064,638
WTC-2D-3072-LL,1214,728
WTC-2D-3672-LL,1320,792
WW3036,390,234
WW3048,452,271
WW3060,530,318
WW3072,602,361
WW3660,560,336
WW3672,612,367
WW4284,834,500
WW3672-2HD,1012,607
WW3036-ADJ,520,312
WW3048-ADJ,582,349
WW3060-ADJ,660,396
WW3072-ADJ,732,439
WW3660-ADJ,690,414
WW3672-ADJ,742,445
WW4284-ADJ,964,578
WW3036-HD,590,354
WW3048-HD,652,391
WW3060-HD,730,438
WW3660-HD,760,456
WW3672-HD,812,487
WW4284-HD,1034,620
WW3036-HD-ADJ,720,432
WW3048-HD-ADJ,782,469
WW3060-HD-ADJ,860,516
WW3660-HD-ADJ,890,534
WW3672-HD-ADJ,942,565
WW4284-HD-ADJ,1164,698
WW3036-HD-HR,681,408
WW3048-HD-HR,753,452
WW3060-HD-HR,862,517
WW3660-HD-HR,910,546
WW3672-HD-HR,1017,610
WW3036-ADJ-HDHR,835,501
WW3048-ADJ-HDHR,901,541
WW3060-ADJ-HDHR,1002,601
WW3660-ADJ-HDHR,1038,623
WW3672-ADJ-HDHR,1145,687
WW3036-6PHFL,590,354
WW3048-6PHFL,652,391
WW3060-6PHFL,730,438
WW3072-6PHFL,822,493
WW3660-6PHFL,780,468
WW3672-6PHFL,832,499
WW4284-6PHFL,1064,638
WW3036-HD-6PHFL,790,474
WW3048-HD-6PHFL,852,511
WW3060-HD-6PHFL,930,558
WW3660-HD-6PHFL,980,588
WW3672-HD-6PHFL,1032,619
WW4284-HD-6PHFL,1264,758
WW3036HDHR6PHFL,903,542
WW3048HDHR6PHFL,974,584
WW3060HDHR6PHFL,1091,655
WW3660HDHR6PHFL,1124,674
WW3672HDHR6PHFL,1220,732
WW3036-8PHFL,626,376
WW3048-8PHFL,688,413
WW3060-8PHFL,766,460
WW3072-8PHFL,858,515
WW3660-8PHFL,816,490
WW3672-8PHFL,868,521
WW4284-8PHFL,1100,660
WWC-3048,925,555
WWC-3060,998,599
WWC-3072,1070,642
WWC-3672,1200,720
WWC-3048-HD,1125,675
WWC-3060-HD,1198,719
WWC-3072-HD,1270,762
WWC-3672-HD,1400,840
WWC-3072-2HD,1470,882
WWC-3672-2HD,1600,960
WX-3660-34,758,455
WX-3672-34,839,503
WX-3684-34,1046,628
WX-4284-34,1056,634