WTC-2D-2436-LL,589
WTC-2D-2448-LL,735
WTC-2D-3048-LL,809
WTC-2D-3060-LL,949
WTC-2D-3072-LL,1088
SSW-2448-HD-PB,1194
SSW-2460-HD-PB,1284
SSW-2448-HD-LP,1195
SSW-2460-HD-LP,1283
SCN-2448-6PY-PB,718
SCN-2460-6PY-PB,789
SC1-2448-6PY-PB,713
SC1-2460-6PY-PB,811
SCN-2448-6PY-LP,718
SCN-2460-6PY-LP,789
SC1-2448-6PY-LP,711
SC1-2460-6PY-LP,813
SSL2-A-2448-PBD,1159
SSL2-A-2460-PBD,1315
SSL2-A-3048-PBD,1262
SSL2-A-3060-PBD,1415
SSL3-A-2448-PBD,1215
SSL3-A-2460-PBD,1392
SSL3-A-3048-PBD,1343
SSL3-A-3060-PBD,1506
GSU2-72W-70H,795
SSLP2-A-2448,887
SSLP2-A-2460,1079
SSLP2-A-3048,1019
SSLP2-A-3060,1149
SSLP3-A-2448,954
SSLP3-A-2460,995
SSLP3-A-3048,1109
SSLP3-A-3060,1242
SL1-2448-PB,1019
SL1-2460-PB,1063
SL1-3048-PB,1046
SL1-3060-PB,1157
SLC-2-2448,833
SLC-2-2460,977
SLC-2-3048,924
SLC-2-3060,1027
GSH-36W-40H,422
GSH-36W-70H,669
GSH-72W-70H,1039
GSU-24D-40H,316
GSU-36W-40H,351
GSU-36W-70H,549
GSU-72W-70H,745
GSC-72W-70H,919
SC-A-2448-6PPY,844
SC-A-2460-6PPY,859
SC-A-3048-6PPY,905
SC-A-3060-6PPY,978
SCN-2448-6PPY,675
SCN-2460-6PPY,805
SCN-3048-6PPY,740
SCN-3060-6PPY,812
SCN-3660-6PPY,868
SCN-3672-6PPY,759
SC-2448-6PPY,616
SC-2460-6PPY,694
SC-3048-6PPY,654
SC-3060-6PPY,728
SC-3660-6PPY,799
SC-3672-6PPY,896
SC2-2448-6PPY,679
SC2-2460-6PPY,765
SC2-3048-6PPY,727
SC2-3060-6PPY,796
SC2-3660-6PPY,914
SC2-3672-6PPY,978
SSC-A-2448-6PPY,1059
SSC-A-2460-6PPY,1149
SSC-A-3048-6PPY,1079
SSC-A-3060-6PPY,1189
SSCN-2448-6PPY,689
SSCN-2460-6PPY,1099
SSCN-3048-6PPY,1069
SSCN-3060-6PPY,919
SSC-2448-6PPY,917
SSC-2460-6PPY,1036
SSC-3048-6PPY,985
SSC-3060-6PPY,1070
SSC2-2448-6PPY,892
SSC2-2460-6PPY,1009
SSC2-3048-6PPY,967
SSC2-3060-6PPY,1059
MC3-1D-1818-LL,305
MC3-2D-2424-LL,383
MC3-2D-2436-LL,405
MC-2D-2436-TL,415
MCJ-2D-2436-TL,549
MCH-2D-2436-TL,439
MCM-2D-2436-TL,449
MC3-2D-2436-TL,397
MCJ3-2D-2436-TL,614
MCH3-2D-2436-TL,511
MCM3-2D-2436-TL,519
MC1D2436-1DRTL,445
MCJ1D2436-1DRTL,574
MCH1D2436-1DRTL,467
MCM1D2436-1DRTL,473
MC1D2436-2DRTL,542
MCJ1D2436-2DRTL,668
MCH1D2436-2DRTL,559
MCM1D2436-2DRTL,566
MC1D2436-4DRTL,738
MCJ1D2436-4DRTL,867
MCH1D2436-4DRTL,867
MCM1D2436-4DRTL,767
MC-2436-HDTL,516
MCJ-2436-HDTL,638
MCH-2436-HDTL,543
MCM-2436-HDTL,550
MC2D-2436-HDTL,522
MCJ2D-2436-HDTL,753
MCH2D-2436-HDTL,625
MCM2D-2436-HDTL,621
MC2D2436-2DRTL,588
MCJ2D2436-2DRTL,819
MCH2D2436-2DRTL,725
MCM2D2436-2DRTL,739
MC2D2436-4DRTL,906
MCJ2D2436-4DRTL,1052
MCH2D2436-4DRTL,949
MCM2D2436-4DRTL,924
MC-2436-2DRTL,438
MCJ-2436-2DRTL,565
MCH-2436-2DRTL,557
MCM-2436-2DRTL,467
MC-2436-4DRTL,623
MCJ-2436-4DRTL,749
MCH-2436-4DRTL,64
MCM-2436-4DRTL,649
MC-2436TL,252
MCJ-2436TL,379
MCH-2436TL,272
MCM-2436TL,279
MC3-2436TL,287
MCJ3-2436TL,414
MCH3-2436TL,308
MCM3-2436TL,316
MB-2D-2448-FL,679
MB-2D-2448-FL-PB,768
MB-2D-2448-FL-LP,767
MJ-2D-2448-FL,705
MJ-2D-2448-FL-PB,965
MJ-2D-2448-FL-LP,965
MH-2D-2448-FL,568
MH-2D-2448-FL-PB,795
MH-2D-2448-FL-LP,795
MM-2D-2448-FL,586
MM-2D-2448-FL-PB,822
MM-2D-2448-FL-LP,821
MB3-2D-2448-FL,747
MB3-2D-2448-FL-PB,829
MB3-2D-2448-FL-LP,829
MJ3-2D-2448-FL,755
MJ3-2D-2448-FL-PB,1026
MJ3-2D-2448-FL-LP,1027
MH3-2D-2448-FL,618
MH3-2D-2448-FL-PB,855
MH3-2D-2448-FL-LP,856
MM3-2D-2448-FL,639
MM3-2D-2448-FL-PB,883
MM3-2D-2448-FL-LP,882
MB-2448-2DRFL,626
MB-2448-2DRFL-PB,864
MB-2448-2DRFL-LP,863
MJ-2448-2DRFL,780
MJ-2448-2DRFL-PB,1062
MJ-2448-2DRFL-LP,1055
MH-2448-2DRFL,645
MH-2448-2DRFL-PB,887
MH-2448-2DRFL-LP,891
MM-2448-2DRFL,666
MM-2448-2DRFL-PB,918
MM-2448-2DRFL-LP,917
MB2D-2448-2DRFL,733
MB2D-2448-2DRFL-PB,999
MB2D-2448-2DRFL-LP,1002
MJ2D-2448-2DRFL,892
MJ2D-2448-2DRFL-PB,1198
MJ2D-2448-2DRFL-LP,1200
MH2D-2448-2DRFL,925
MH2D-2448-2DRFL-PB,1027
MH2D-2448-2DRFL-LP,1029
MM2D-2448-2DRFL,776
MM2D-2448-2DRFL-PB,1054
MM2D-2448-2DRFL-LP,1056
SSL2-A-2448,949
SSL2-A-2460,1112
SSL2-A-3048,1089
SSL2-A-3060,1239
SSL3-A-2448,1012
SSL3-A-2460,1178
SSL3-A-3048,1153
SSL3-A-3060,1312
DRB-2448-6PY,394
DRB-2460-6PY,428
DRB-3048-6PY,338
DRB-3060-6PY,464
NBX3-2436-6MR,279
NBX3-2448-6MR,286
NBX3-3060-6MR,349
NBX3-2436-6PY,266
NBX3-2448-6PY,277
NBX3-3060-6PY,339
RNH-2448-6MR,375
RNH-2460-6MR,373
RNH-3048-6MR,358
RNH-3060-6MR,449
RNH-2448-6PY,358
RNH-2460-6PY,388
RNH-3048-6PY,355
RNH-3060-6PY,418
RNH-2448-6MR-AH,455
RNH-2460-6MR-AH,455
RNH-3048-6MR-AH,429
RNH-3060-6MR-AH,495
RNH-2448-6PY-AH,383
RNH-2460-6PY-AH,458
RNH-3048-6PY-AH,396
RNH-3060-6PY-AH,470
RNL-2448-6MR,302
RNL-2460-6MR,314
RNL-3048-6MR,314
RNL-3060-6MR,342
RNL-2448-6PY,309
RNL-2460-6PY,323
RNL-3048-6PY,323
RNL-3060-6PY,352
RNL-2448-6MR-AH,364
RNL-2460-6MR-AH,429
RNL-3048-6MR-AH,385
RNL-3060-6MR-AH,414
RNL-2448-6PY-AH,389
RNL-2460-6PY-AH,410
RNL-3048-6PY-AH,410
RNL-3060-6PY-AH,435
3GL-2436-9PM,460
3GL-2448-9PM,527
3GL-3048-9PM,615
3G-2436-9PM,469
3G-2448-9PM,529
3G-3048-9PM,625
3GL-2436-9P,360
3GL-2448-9P,395
3GL-3048-9P,452
3G-2436-9P,359
3G-2448-9P,399
3G-3048-9P,444
GL-2436-9P-2,297
GL-2448-9P-2,325
GL-3048-9P-2,360
G-2436-9P-2,297
G-2448-9P-2,325
G-3048-9P-2,360
G-3060-9P-2,390
GL-2436-10SR,339
GL-2448-10SR,379
GL-3048-10SR,405
GL-3060-10SR,469
G-2436-10SR,333
G-2448-10SR,367
G-3048-10SR,389
G-3060-10SR,449
LGL-2436-6PY,283
LGL-2448-6PY,305
LGL-3048-6PY,339
LGL-3060-6PY,369
LG-2436-6PY,309
LG-2448-6PY,308
LG-3048-6PY,340
LG-3060-6PY,382
3LGL-2436-6PY,343
3LGL-2448-6PY,382
3LGL-3048-6PY,434
3LGL-3060-6PY,479
3LG-2436-6PY,341
3LG-2448-6PY,378
3LG-3048-6PY,435
3LG-3060-6PY,489
LKL-2436-9PM,392
LKL-2448-9PM,422
LKL-3048-9PM,469
LK-2436-9PM,381
LK-2448-9PM,425
LK-3048-9PM,468
LKL-2436-9P,338
LKL-2448-9P,362
LKL-3048-9P,399
LK-2436-9P,339
LK-2448-9P,362
LK-3048-9P,389
LG-1832-UPS,183
LG-2436-UPS,219
LGL-1832-UPS,192
LGL-2436-UPS,215
3LG-1832-UPS,221
3LG-2436-UPS,247
3LGL-1832-UPS,225
3LGL-2436-UPS,248
DS1830X3-6PYWSP,332
DS2436X3-6PYWSP,372
DS2448X3-6PYWSP,459
DS1830X6-6PYWSP,358
DS2436X6-6PYWSP,432
DS2448X6-6PYWSP,472
DS1830X126PYWSP,373
DS2436X126PYWSP,449
DS2448X126PYWSP,506
DS-2436X3-9P,339
DS-2448X3-9P,365
DS-3060X3-9P,515
DS-2436X3-10SR,349
DS-2448X3-10SR,375
DS-3060X3-10SR,523
DS-2436X6-9P,379
DS-2448X6-9P,414
DS-2436X6-10SR,389
DS-2448X6-10SR,416
DS-2436X12-9P,387
DS-2448X12-9P,439
DS-2436X12-10SR,394
DS-2448X12-10SR,442
RCM2448-TL-4DR,954
ST-2448-6PY-PB,638
ST-2448-6PY-LP,638
AFPBS2436-6PYFL,539
AFPBS2448-6PYFL,632
AFPBS2460-6PYFL,733
AM-2A-2448-6PY,475
AM-2A-2460-6PY,505
AM-3A-2448-6PY,519
AM-3A-2460-6PY,569
RNB2-2448-6MR,339
RNB2-2460-6MR,372
RNB2-3048-6MR,375
RNB2-3060-6MR,411
RNB2-2448-6MRAH,408
RNB2-2460-6MRAH,439
RNB2-3048-6MRAH,439
RNB2-3060-6MRAH,475
RNH2-2448-6MR,373
RNH2-2460-6MR,422
RNH2-3048-6MR,408
RNH2-3060-6MR,462
RNH2-2448-6MRAH,443
RNH2-2460-6MRAH,489
RNH2-3048-6MRAH,472
RNH2-3060-6MRAH,529
3CSL-3060-8MRHD,714
3CSL-3072-8MRHD,761
3CSL-3660-8MRHD,748
3CSL-3672-8MRHD,857
RNL2-2448-6MR,338
RNL2-2460-6MR,368
RNL2-3048-6MR,368
RNL2-3060-6MR,408
RNL2-2448-6MRAH,407
RNL2-2460-6MRAH,439
RNL2-3048-6MRAH,439
RNL2-3060-6MRAH,476
QC2436-TL2DRPB,588
QC2448-TL2DRPB,624
QC2460-TL2DRPB,662
MS1-1532-FP,542
MS2-1532-FP,582
MS3-1532-FP,641
MS4-1532-FP,699
6BC-3036-6PY,674
AFPB1S2448-TL60,418
AFPB2S2448-TL60,579
CH-2436-12MR,450
CH-2448-12MR,438
CH-3048-12MR,450
CH-3060-12MR,482
CH-3660-12MR,515
CH-3672-12MR,528
CH-2436-16P,439
CH-2448-16P,380
CH-3048-16P,457
CH-3060-16P,415
CH-3660-16P,509
CH-3672-16P,459
CH-2436-12P,445
CH-2448-12P,389
CH-3048-12P,433
CH-3060-12P,444
CH-3660-12P,529
CH-3672-12P,484
CH-2436-12MR-FSD,416
CH-2448-12MR-FSD,439
CH-3048-12MR-FSD,Call
CH-3060-12MR-FSD,479
CH-3660-12MR-FSD,522
CH-3672-12MR-FSD,529
CH-2436-16P-FSD,447
CH-2448-16P-FSD,376
CH-3048-16P-FSD,451
CH-3060-16P-FSD,418
CH-3660-16P-FSD,509
CH-3672-16P-FSD,458
CH-2436-12P-FSD,355
CH-2448-12P-FSD,409
CH-3048-12P-FSD,428
CH-3060-12P-FSD,455
CH-3660-12P-FSD,478
CH-3672-12P-FSD,509
LW-2436-8S,172
LW-2436-10,175
LW-2436-10P,208
LW-2436-8S-FSD,189
LW-2436-10-FSD,205
LW-2436-10P-FSD,235
LWP-2436-10,199
LWP-2436-10P,214
LDW-2436-X6-10,209
LDW-2436-X6-10P,265
AF2436,269
AF2448,289
AF2460,320
AF2472,389
AF3048,319
AF3060,345
AF3072,384
AF3672,399
AF2436-2R,265
AF2448-2R,282
AF2460-2R,309
AF2472-2R,362
AF3048-2R,309
AF3060-2R,330
AF3072-2R,369
AF3672-2R,389
PT-2436-5PY,188
PTC-2436-5PY,201
APT-2436-6PY,269
APT-2448-6PY,286
APT-2460-6PY,307
APT-2472-6PY,460
APT-3048-6PY,302
APT-3060-6PY,323
APT-3072-6PY,352
APT-3660-6PY,338
APT-3672-6PY,365
CD-3048-16P-CR,613
CD-3060-16P-CR,603
CD-3660-16P-CR,704
CD-3672-16P-CR,715
CD-3048-16PFD-CR,591
CD-3060-16PFD-CR,604
CD-3660-16PFD-CR,659
CD-3672-16PFD-CR,646
NB6W-2448-6MR,304
NB6W-2460-6MR,359
NB6W-3048-6MR,333
NB6W-3060-6MR,389
NB6W-3072-6MR,419
NB6W-3660-6MR,379
NB6W-3672-6MR,398
NB6W-2448-6PY,299
NB6W-2460-6PY,292
NB6W-3048-6PY,301
NB6W-3060-6PY,324
NB6W-3072-6PY,359
NB6W-3660-6PY,377
NB6W-3672-6PY,408
DR-2448-6PY,324
DR-2460-6PY,355
DR-2472-6PY,Call
DR-3048-6PY,334
DR-3060-6PY,359
DR-3072-6PY,386
HE-1648,254
HE-1660,309
HE-1672,328
HE-2448,348
HE-2460,368
SSB-5125-6PYBK,528
SSB512566-6PYBK,609
NBP-2436-8MRBK,294
NBP-2448-8MRBK,308
NBP-3048-8MRBK,329
NBP-3060-8MRBK,355
NBP-3672-8MRBK,408
NBP-2436-8PUBK,274
NBP-2448-8PUBK,288
NBP-3048-8PUBK,303
NBP-3060-8PUBK,324
NBP-3672-8PUBK,365
CS-3060-8MRHD,514
CS-3072-8MRHD,518
CS-3660-8MRHD,532
CS-3672-8MRHD,552
DC-2444-8PY,283
DC-2444-8MR,258
DC-2444-8PY-KD,293
DC-2444-8MR-KD,256
LC-2448-6PY,363
LC-3048-6PY,387
T500-1H,219
T510-1H,239
T520-1H,254
T530-1H,263
T700-1H,133
T710-1H,192
T720-1H,237
T730-1H,182
RNB-2448-6MR,256
RNB-2460-6MR,352
RNB-3048-6MR,307
RNB-3060-6MR,327
RNB-2448-6PY,292
RNB-2460-6PY,312
RNB-3048-6PY,359
RNB-3060-6PY,349
RNB-2448-6MR-AH,348
RNB-2460-6MR-AH,369
RNB-3048-6MR-AH,377
RNB-3060-6MR-AH,394
RNB-2448-6PY-AH,368
RNB-2460-6PY-AH,439
RNB-3048-6PY-AH,389
RNB-3060-6PY-AH,416
NBB-2436-6MR,204
NBB-2448-6MR,229
NBB-2460-6MR,268
NBB-3048-6MR,249
NBB-3060-6MR,295
NBB-3072-6MR,324
NBB-3660-6MR,327
NBB-3672-6MR,354
NBB-2436-8MR,249
NBB-2448-8MR,243
NBB-2460-8MR,249
NBB-3048-8MR,278
NBB-3060-8MR,293
NBB-3072-8MR,332
NBB-3660-8MR,345
NBB-3672-8MR,369
NBB-2436-8PYBK,259
NBB-2448-8PYBK,268
NBB-2460-8PYBK,308
NBB-3048-8PYBK,279
NBB-3060-8PYBK,326
NBB-3072-8PYBK,348
NBB-3660-8PYBK,348
NBB-3672-8PYBK,372
NCB-2436-8PYBK,265
NCB-2448-8PYBK,333
NCB-2460-8PYBK,339
NCB-3048-8PYBK,345
NCB-3060-8PYBK,348
NCB-3072-8PYBK,374
NCB-3660-8PYBK,404
NCB-3672-8PYBK,427
NBH-2448-MR,375
NBH-3048-MR,419
NBH-3060-MR,476
NBH-3072-MR,490
NBH-3660-MR,490
NBH-3672-MR,499
NBH-2448-PU,454
NBH-3048-PU,465
NBH-3060-PU,532
NBH-3072-PU,575
NBH-3660-PU,575
NBH-3672-PU,595
NBH-2448-PH,457
NBH-3048-PH,479
NBH-3060-PH,503
NBH-3072-PH,523
NBH-3660-PH,523
NBH-3672-PH,572
T500-LU,191
T510-LU,202
T520-LU,211
T530-LU,232
T700-LU,172
T710-LU,189
T720-LU,198
T730-LU,192
T510-DIA-1H,251
T520-DIA-1H,259
T530-DIA-1H,245
T710-DIA-1H,199
T720-DIA-1H,206
T730-DIA-1H,181
NBB-2436-9P,241
NBB-2448-9P,269
NBB-2460-9P,272
NBB-3048-9P,272
NBB-3060-9P,311
NBB-3072-9P,334
NBB-3672-9P,358
NBB-2436-10P,294
NBB-2448-10P,293
NBB-2460-10P,277
NBB-3048-10P,316
NBB-3060-10P,368
NBB-3072-10P,386
NBB-3672-10P,418
NBB-2436-10SR,285
NBB-2448-10SR,299
NBB-2460-10SR,268
NBB-3048-10SR,315
NBB-3060-10SR,369
NBB-3072-10SR,387
NBB-3672-10SR,409
B2448B,479
B3048B,519
B3060B,552
B3660B,556
B3072B,553
B3672B,589
BB2448B,550
BB3048B,549
BB3060B,595
BB3660B,549
BB3072B,588
BB3672B,629
OE-2448-6PY,328
OE-2460-6PY,329
OE-3048-6PY,329
OE-3060-6PY,342
ABS-3640-6PH,455
ABR-3640-6PH,417
CA-2448-6MR,323
CA-2460-6MR,342
CA-3048-6MR,345
CA-3060-6MR,374
CA-RD48-PNL,157
CA-RD60-PNL,163
CARD-2448-6MR,538
CARD-2460-6MR,555
CARD-3048-6MR,555
CARD-3060-6MR,579
CAWD-2448-6PY,509
CAWD-2460-6PY,535
CAWD-3048-6PY,523
CAWD-3060-6PY,594
HE2-2448-WSP,465
HE2-2460-WSP,483
HE-1648-RS,385
HE-1660-RS,397
RC2448-5PYTL2DR,532
SCN-2448-10SR,899
SCN-2460-10SR,949
SCN-3048-10SR,872
SC-2448-10SR,852
SC-2460-10SR,949
SC-3048-10SR,989
SC2-2448-10SR,989
SC2-2460-10SR,1019
SC2-3048-10SR,983
SC-A-2448-10SR,969
SC-A-2460-10SR,1062
SC-A-3048-10SR,999
SBS-2448-6MR,639
SBS-3060-6MR,743
SBS-2448-10SR,699
SBS-3060-10SR,819
B1-2448-6MR,384
B1-2460-6MR,414
B1-3048-6MR,419
B1-3060-6MR,452
B1-2448-6PY,394
B1-2460-6PY,419
B1-3048-6PY,425
B1-3060-6PY,457
S1-2448-6MR,470
S1-2460-6MR,469
S1-3048-6MR,495
S1-3060-6MR,439
S1-2448-6PY,443
S1-2460-6PY,461
S1-3048-6PY,529
S1-3060-6PY,517
CA-2448-8MR,535
CA-2460-8MR,484
CA-3048-8MR,490
CA-3060-8MR,527
CA-2448-8PPY,339
CA-2460-8PPY,364
CA-3048-8PPY,367
CA-3060-8PPY,394
T1-2448-6MR,319
T1-2460-6MR,346
T1-3048-6MR,346
T1-3060-6MR,369
T1-2448-6PY,324
T1-2460-6PY,352
T1-3048-6PY,352
T1-3060-6PY,374
OT-2436-6MR,386
OT-2448-6MR,414
OT-2460-6MR,444
OT-3048-6MR,418
OT-3060-6MR,478
OT-2436-6PPY,395
OT-2448-6PPY,425
OT-2460-6PPY,435
OT-3048-6PPY,438
OT-3060-6PPY,433
RCM2448-5PYTL,417
SSB-5151-6PYFL,859
GL-2436-8PYBK,279
GL-2448-8PYBK,311
GL-3048-8PYBK,341
GL-3060-8PYBK,382
G-2436-8PYBK,265
G-2448-8PYBK,291
G-3048-8PYBK,318
G-3060-8PYBK,356
GL-2436-8MR,281
GL-2448-8MR,274
GL-3048-8MR,299
GL-3060-8MR,334
G-2436-8MR,247
G-2448-8MR,274
G-3048-8MR,299
G-3060-8MR,336
GL-2436-6MR,245
GL-2448-6MR,259
GL-3048-6MR,286
GL-3060-6MR,321
G-2436-6MR,233
G-2448-6MR,261
G-3048-6MR,287
G-3060-6MR,323
LGL-1824-BRK,144
LGL-1832-BRK,152
LGL-2436-BRK,171
LGL-2448-BRK,193
LGL-3048-BRK,219
LGL-3060-BRK,248
LG-1824-BRK,175
LG-1832-BRK,219
LG-2436-BRK,229
LG-2448-BRK,235
LG-3048-BRK,275
LG-3060-BRK,307
3LGL-1824-BRK,195
3LGL-1832-BRK,207
3LGL-2436-BRK,243
3LGL-2448-BRK,324
3LGL-3048-BRK,328
3LG-1824-BRK,224
3LG-1832-BRK,239
3LG-2436-BRK,276
3LG-2448-BRK,324
3LG-3048-BRK,375
NBP6W-2448-6MR,343
NBP6W-3048-6MR,412
NBP6W-3060-6MR,439
NBP6W-3672-6MR,435
NBP6W-2448-6PY,333
NBP6W-3048-6PY,357
NBP6W-3060-6PY,405
NBP6W-3672-6PY,455
R-2448-DIA-4PS,471
R-3048-DIA-4PS,487
R-3060-DIA-4PS,502
R-3072-DIA-4PS,514
R-3660-DIA-4PS,513
R-3672-DIA-4PS,559
DT-2448-DIA-4PS,529
DT-3048-DIA-4PS,549
DT-3060-DIA-4PS,559
DT-3072-DIA-4PS,554
DT-3660-DIA-4PS,592
DT-3672-DIA-4PS,615
APTP-2436-6PY,293
APTP-2448-6PY,317
RP3S-1832-5PY,246
RP3S-2436-5PY,304
RP3S-2448-5PY,338
RP4S-1832-5PY,303
RP4S-2436-5PY,362
RP4S-2448-5PY,429
RP3S-2436-6PY,283
RP3S-2448-6PY,383
RP3S-3048-6PY,395
RP3S-3060-6PY,445
RP4S-2436-6PY,389
RP4S-2448-6PY,449
RP4S-3048-6PY,479
RP4S-3060-6PY,519
RP3X-1832-5PY,279
RP3X-2436-5PY,339
RP3X-2448-5PY,328
RP4X-1832-5PY,312
RP4X-2436-5PY,331
RP4X-2448-5PY,364
RP3X-2436-6PY,354
RP3X-2448-6PY,395
RP3X-3048-6PY,409
RP4X-2436-6PY,429
RP4X-2448-6PY,439
RP4X-3048-6PY,432
RPDS-2436-6PY,423
RPDS-2448-6PY,494
RPDS-3048-6PY,498
RPDX-2436-6PY,444
RPDX-2448-6PY,495
RPDX-3048-6PY,519
BTS2436-6MR,396
BTS2448-6MR,498
BTS3048-6MR,528
BTS3060-6MR,551
BTX2436-6MR,332
BTX2448-6MR,391
BTX3048-6MR,418
BTX3060-6MR,458
BTSL2436-6MR,489
BTSL2448-6MR,572
BTSL3048-6MR,574
BTSL3060-6MR,669
BTXL2436-6MR,429
BTXL2448-6MR,529
BTXL3048-6MR,595
BTXL3060-6MR,619
SB-2448-6PY,518
SB-2460-6PY,554
SB-3048-6PY,564
SB-3060-6PY,599
SB-2448-9P,619
SB-2460-9P,659
SB-3048-9P,669
SB-3060-9P,714
SB-2448-10SR,699
SB-2460-10SR,769
SB-3048-10SR,779
SB-3060-10SR,839
RC2448-5PYTL,296
PPT-2848-6M,578
PPT-2860-6M,679
MS1-1532-6PH,509
MS2-1532-6PH,542
MS3-1532-6PH,598
MS4-1532-6PH,659
T1-2448-6PY-DS,459
T1-2460-6PY-DS,528
T1-3048-6PY-DS,552
T1-3060-6PY-DS,597
S1-2448-6PY-DS,529
S1-2460-6PY-DS,568
S1-3048-6PY-DS,577
S1-3060-6PY-DS,627
B1-2448-6PY-DS,579
B1-2460-6PY-DS,609
B1-3048-6PY-DS,619
B1-3060-6PY-DS,659
T2-A-2448-6PY,479
T2-A-2460-6PY,555
T2-A-3048-6PY,583
T2-A-3060-6PY,575
S2-A-2448-6PY,562
S2-A-2460-6PY,635
S2-A-3048-6PY,599
S2-A-3060-6PY,649
B2-A-2448-6PY,569
B2-A-2460-6PY,599
B2-A-3048-6PY,635
B2-A-3060-6PY,669
T2-2448-6PY,449
T2-2460-6PY,479
T2-3048-6PY,482
T2-3060-6PY,525
T3-2448-6PY,496
T3-2460-6PY,548
T3-3048-6PY,578
T3-3060-6PY,628
S2-2448-6PY,399
S2-2460-6PY,429
S2-3048-6PY,443
S2-3060-6PY,499
S3-2448-6PY,438
S3-2460-6PY,468
S3-3048-6PY,492
S3-3060-6PY,536
B2-2448-6PY,448
B2-2460-6PY,488
B2-3048-6PY,492
B2-3060-6PY,529
B3-2448-6PY,525
B3-2460-6PY,555
B3-3048-6PY,562
B3-3060-6PY,615
DET2-A-2448-6PY,520
DET2-A-2460-6PY,517
DET2-A-3048-6PY,559
DET2-A-3060-6PY,573
DET2-2448-6PY,322
DET2-2460-6PY,339
DET2-3048-6PY,350
DET2-3060-6PY,378
DET3-2448-6PY,365
DET3-2460-6PY,394
DET3-3048-6PY,489
DET3-3060-6PY,444
DET4-2448-6PY,509
DET4-2460-6PY,444
DET4-3048-6PY,452
DET4-3060-6PY,508
MW-2436-5TL-DR,326
MW-2448-5TL-DR,369
MW-2436-5TL-2DR,432
MW-2448-5TL-2DR,413
MW-2436-5TL-DR-PB,402
MW-2448-5TL-DR-PB,447
MW-2436-5TL-2DR-PB,505
MW-2448-5TL-2DR-PB,557
MW-2436-5TL-DR-LP,419
MW-2448-5TL-DR-LP,462
MW-2436-5TL-2DR-LP,505
MW-2448-5TL-2DR-LP,557
MW-2436-5TL,225
MW-2448-5TL,258
3MW-2436-5TL,227
3MW-2448-5TL,263
MW-2436-5TL-PB,283
MW-2448-5TL-PB,339
3MW-2436-5TL-PB,372
3MW-2448-5TL-PB,435
MW-2436-5TL-LP,314
MW-2448-5TL-LP,358
3MW-2436-5TL-LP,359
3MW-2448-5TL-LP,398
LGLP-2436-9P-G,331
LGLP-2448-9P-G,359
NP2-2436-G,318
NP2-2448-G,349
T810P-9PN-G-LU,259
T820P-9PN-G-LU,252
T810P-9PN-G,232
T820P-9PN-G,265
T810P-10SR-G-LU,265
T820P-10SR-G-LU,272
T810P-10SR-G,259
T820P-10SR-G,274
NP-2448-G,289
2LDWP-2436-8S-G,284
2LDWP-2436-10-G,262
2LDWP-2436-10P-G,339
2LDWP-2448-8S-G,333
2LDWP-2448-10-G,343
2LDWP-2448-10P-G,376
LWP-2436-10-G,184
LWP-2436-10P-G,249
CH-2448-X3-12MR,519
CH-3060-X3-12MR,569
CH-2448-X3-16P,475
CH-3060-X3-16P,553
CH-2448-X3-12P,456
CH-3060-X3-12P,528
CH-2448-X6-12MR,496
CH-3060-X6-12MR,546
CH-2448-X6-16P,436
CH-3060-X6-16P,499
CH-2448-X6-12P,385
CH-3060-X6-12P,505
3MLP-2448-6MR-G,362
3MLP-3060-6MR-G,519
4MLP-2448-6MR-G,463
4MLP-3060-6MR-G,584
5MLP-2448-6MR-G,575
5MLP-3060-6MR-G,650
CT-3660-16P,649
CH2W-2750-16P,479
CSW-2448-8MR,275
CSW-3048-8MR,288
CSW-3060-8MR,313
CSW-3072-8MR,339
CSW-3660-8MR,339
CSW-3672-8MR,399
NBB-2436-6MR-2H,292
NBB-2448-6MR-2H,317
NBB-2460-6MR-2H,329
NBB-3048-6MR-2H,339
NBB-3060-6MR-2H,359
NBB-3072-6MR-2H,386
NBB-3660-6MR-2H,396
NBB-3672-6MR-2H,414
NBB-2436-8PY-2H,279
NBB-2448-8PY-2H,338
NBB-2460-8PY-2H,372
NBB-3048-8PY-2H,372
NBB-3060-8PY-2H,394
NBB-3072-8PY-2H,422
NBB-3660-8PY-2H,447
NBB-3672-8PY-2H,449
LGL-2436-BK-DR,266
LGL-2448-BK-DR,289
LG-2436-BK-DR,368
LG-2448-BK-DR,395
LGL-2436-BK-2DR,359
LGL-2448-BK-2DR,379
LG-2436-BK-2DR,359
LG-2448-BK-2DR,379
EA-1824-5PY,158
EA-1832-5PY,172
EA-2436-5PY,194
LGLP-2436-BK,239
LGLP-2448-BK,279
CC-2448-5PYBK,228
CC-3060-5PYBK,277
T-710-P-1H-UPS,169
T-720-P-1H-UPS,183
T-710-P-LU-UPS,169
T-720-P-LU-UPS,183
T-510-P-1H,209
T-520-P-1H,239
T-510-P-LU,279
T-520-P-LU,261
AFPB-2436-5PY,388
AFPB-2448-5PY,495
AFPB-2460-5PY,504
AFS-2440-6PH,294
AFS-3640-6PH,319
AFSF-3640-6PH,348
MIC-2436-DR,499
MIC-2436-5-DR,398
MIC-2436-10SRDR,592
MIC-2436,339
MIC-2436-5,275
MIC-2436-5TL,301
MIC-2436-10SR,363
GLF-2436-9PM,313
GLF-2448-9PM,349
GLF-3048-9PM,385
GF-2436-9PM,312
GF-2448-9PM,435
GF-3048-9PM,476
GLF-2436-9P,263
GLF-2448-9P,288
GLF-3048-9P,318
GF-2436-9P,297
GF-2448-9P,286
GF-3048-9P,315
MIC-8BK-PSDR,529
MIC-5BK-PSDR,507
MIC-5TL-PSDR,506
MIC-10SRBK-PSDR,608
TS-1824-5PY,146
TS-1832-5PY,157
TS-2436-5PY,183
TT-1830-5PY,169
TT-2436-5PY,189
TU-1830-5PY,208
TU-2436-5PY,250
TS-1824-5PY-DR,241
TS-1832-5PY-DR,251
TS-2436-5PY-DR,277
TT-1830-5PY-DR,258
TT-2436-5PY-DR,284
DS1830X6-5PY,206
DS2436X6-5PY,246
DS1830X6-6PY,261
DS2436X6-6PY,304
DS2448X6-6PY,352
DS1830X12-5PY,218
DS2436X12-5PY,315
DS1830X12-6PY,270
DS2436X12-6PY,310
DS2448X12-6PY,365
LGL-1832-WSBRK,183
LGL-2436-WSBRK,202
LGL-2448-WSBRK,226
LG-1832-WSBRK,184
LG-2436-WSBRK,203
LG-2448-WSBRK,227
LGL-2436-WSBKDR,287
LGL-2448-WSBKDR,310
LG-2436-WSBKDR,290
LG-2448-WSBKDR,311
LGL-1832-WS-P-BK,209
LGL-2436-WS-P-BK,227
LGL-2448-WS-P-BK,249
LG-1832-WS-P-BK,210
LG-2436-WS-P-BK,228
LG-2448-WS-P-BK,250
3ML2436-6PH-WSP,347
3ML2448-6PH-WSP,383
3ML3048-6PH-WSP,409
3ML3060-6PH-WSP,448
3M-2436-6PH-WSP,348
3M-2448-6PH-WSP,383
3M-3048-6PH-WSP,410
3M-3060-6PH-WSP,449
4ML2436-6PH-WSP,382
4ML2448-6PH-WSP,426
4ML3048-6PH-WSP,472
4ML3060-6PH-WSP,524
4M-2436-6PH-WSP,382
4M-2448-6PH-WSP,428
4M-3048-6PH-WSP,474
4M-3060-6PH-WSP,524
5ML2436-6PH-WSP,428
5ML2448-6PH-WSP,479
5ML3048-6PH-WSP,538
5ML3060-6PH-WSP,608
5M-2436-6PH-WSP,428
5M-2448-6PH-WSP,479
5M-3048-6PH-WSP,537
5M-3060-6PH-WSP,608
3LGL-1832-WSBRK,266
3LGL-2436-WSBRK,297
3LGL-2448-WSBRK,267
3LG-1832-WSBRK,265
3LG-2436-WSBRK,295
3LG-2448-WSBRK,349
3LGL-1832-WSP-BK,272
3LGL-2436-WSP-BK,332
3LGL-2448-WSP-BK,343
3LG-1832-WSP-BK,292
3LG-2436-WSP-BK,342
3LG-2448-WSP-BK,376
IP-2436-9PM,389
IP-2448-9PM,449
IP-3048-9PM,494
IP-2436-9P,322
IP-2448-9P,353
IP-3048-9P,393
GL-2436-9PM,308
GL-2448-9PM,336
GL-3048-9PM,389
G-2436-9PM,305
G-2448-9PM,367
G-3048-9PM,389
GL-2436-9P,296
GL-2448-9P,325
GL-3048-9P,385
G-2436-9P,255
G-2448-9P,279
G-3048-9P,310
GL-2436-9PM-WSP,359
GL-2448-9PM-WSP,476
G-2436-9PM-WSP,358
G-2448-9PM-WSP,386
GL-2436-9P-WSP,307
GL-2448-9P-WSP,332
G-2436-9P-WSP,307
G-2448-9P-WSP,332
ERLGL-2436-BRK,342
ERLGL-2448-BRK,278
ERLGL-3048-BRK,319
ERLGL-3060-BRK,282
ERLG-2436-BRK,196
ERLG-2448-BRK,220
ERLG-3048-BRK,249
ERLG-3060-BRK,281
3ERLGL-2436-BRK,244
3ERLGL-2448-BRK,279
3ERLGL-3048-BRK,322
3ERLG-2436-BRK,244
3ERLG-2448-BRK,279
3ERLG-3048-BRK,322
2GL-2436-6PHBK,264
2GL-2448-6PHBK,302
2GL-3048-6PHBK,332
2GL-3060-6PHBK,354
2G-2436-6PHBK,264
2G-2448-6PHBK,301
2G-3048-6PHBK,330
2G-3060-6PHBK,354
3GL-2436-6PHBK,342
3GL-2448-6PHBK,402
3GL-3048-6PHBK,447
3GL-3060-6PHBK,498
3G-2436-6PHBK,338
3G-2448-6PHBK,411
3G-3048-6PHBK,447
3G-3060-6PHBK,511
3ML-2436-6PH,394
3ML-2448-6PH,329
3ML-3048-6PH,358
3ML-3060-6PH,396
3M-2436-6PH,296
3M-2448-6PH,331
3M-3048-6PH,356
3M-3060-6PH,394
4ML-2436-6PH,333
4ML-2448-6PH,369
4ML-3048-6PH,418
4ML-3060-6PH,462
4M-2436-6PH,334
4M-2448-6PH,375
4M-3048-6PH,419
4M-3060-6PH,468
5ML-2436-6PH,426
5ML-2448-6PH,430
5ML-3048-6PH,483
5ML-3060-6PH,554
5M-2436-6PH,377
5M-2448-6PH,428
5M-3048-6PH,479
5M-3060-6PH,552
GH-8V2-1,346
GH-8V2-2,377
GH-8V2-5,409
GH-8V2-4,438
GH-8V2-6,536
3GH-8V2-1,399
3GH-8V2-2,437
3GH-8V2-5,518
3GH-8V2-4,535
3GH-8V2-6,627
ERGL-2436-8PYBK,279
ERGL-2448-8PYBK,312
ERGL-3048-8PYBK,338
ERGL-3060-8PYBK,379
ERG-2436-8PYBK,279
ERG-2448-8PYBK,312
ERG-3048-8PYBK,338
ERG-3060-8PYBK,379
DS1830X3-5PY,176
DS2436X3-5PY,205
DS2448X3-5PY,261
DS1830X3-6PY,232
DS2436X3-6PY,265
DS2448X3-6PY,296
DS3060X3-6PY,472
LKL-1824-5PYBK,171
LKL-1832-5PYBK,177
LKL-2436-5PYBK,212
LKL-2448-5PYBK,247
LKL-3048-5PYBK,275
LKL-3060-5PYBK,329
LK-1824-5PYBK,171
LK-1832-5PYBK,187
LK-2436-5PYBK,212
LK-2448-5PYBK,239
LK-3048-5PYBK,269
LK-3060-5PYBK,304
T3-2448-6PYFP60,509
T3-3048-6PYFP60,557
HE2-1648,359
HE2-1660,389
HE2-1672,424
HE2-2448,429
HE2-2460,457
LKL1832-5PYBKAH,255
LKL2436-5PYBKAH,288
LKL2448-5PYBKAH,329
LKL3048-5PYBKAH,349
LKL3060-5PYBKAH,377
LK1832-5PYBKAH,252
LK2436-5PYBKAH,285
LK2448-5PYBKAH,314
LK3048-5PYBKAH,352
LK3060-5PYBKAH,383
BCT-2860,585
BRT-3648-8PHBK,476
BRT-3660-8PHBK,495
BRT-3672-8PHBK,526
NBN-3060-6MR,419
ERBST-2424-6PH,269
ERBST-2436-6PH,347
ERBST-2448-6PH,367
LCP-2436-S-6PY,284
APT6W-2448-6PY,423
APT6W-2460-6PY,433
APT6W-3048-6PY,450
APT6W-3060-6PY,465
APT6W-3072-6PY,498
APT6W-3660-6PY,495
APT6W-3672-6PY,535
WC-2039-5PYTL,199
PDCS-40-8MR,400
PDCS-42-8MR,402
PDCS-48-8MR,408
PDS-40-6PHFP,428
PDS-42-6PHFP,434
PDS-48-6PHFP,448
PDS-40-6PHFP2FL,484
PDS-42-6PHFP2FL,492
PDS-48-6PHFP2FL,508
MU-2448-5PY,127
MU-3048-5PY,140
MU-3060-5PY,156
MD-2448-5PY,126
MD-3048-5PY,139
MD-3060-5PY,155
PDST-4048-6PH,313
PDST-4248-6PH,319
PDST-4848-6PH,331
PDST-4048-6PHFL,353
PDST-4248-6PHFL,359
PDST-4848-6PHFL,370
PDSE-4048-6PH2FL,478
PDSE-4248-6PH2FL,476
PDSE-4848-6PH2FL,495
PDS-4048-6PH,292
PDS-4248-6PH,291
PDS-4848-6PH,307
PDS-4048-6PH2FL,342
PDS-4248-6PH2FL,346
PDS-4848-6PH2FL,359
PDSH-4048-6PH,325
PDSH-4248-6PH,329
PDSH-4848-6PH,345
PDSH-4048-6PH2FL,385
PDSH-4248-6PH2FL,387
PDSH-4848-6PH2FL,399
PDT-4048-6PH,272
PDT-4248-6PH,274
PDT-4848-6PH,275
PDT-4048-6PHFL,312
PDT-4248-6PHFL,314
PDT-4848-6PHFL,315
PD-4048-6PH,201
PD-4248-6PH,205
PD-4848-6PH,209
PD-4048-6PH2FL,258
PD-4248-6PH2FL,262
PD-4848-6PH2FL,264
PDH-4048-6PH,242
PDH-4248-6PH,246
PDH-4848-6PH,248
PDH-4048-6PH2FL,295
PDH-4248-6PH2FL,302
PDH-4848-6PH2FL,304
MU-1824-3R,69
MU-1832-3R,79
MU-2436-3R,88
MUP-2436-3R,98
MD-1824-3R,69
MD-1832-3R,78
MD-2436-3R,89
MDP-2436-3R,101
ADU-1824-3R,69
ADU-1832-3R,65
ADU-2436-3R,82
ADD-1824-3R,60
ADD-1832-3R,69
ADD-2436-3R,82
SSP-5151,454
SS-RD-5149-42,669
SS-RD-5149-48,669
SST-IBC,1297
SST-IBC-2,1536
SSB-5125,318
SSB-5125-66,418
SSB-5151,484
SSB-5176,724
SSB-RAMP,225
SST-5125,327
SST-5125-66,469
SST-5151,543
SST-5176,809
SST-RAMP,305
SSB-DCC,13
SST-5125-1D,422
SST-5151-2D,558
GSP-4,248
GSP-6,306
GSP-8,365
GST-6-8PH,438
GST-8-8PH,547
PP-2-12,21
PP-2-17,23
PP-2-23,26
PP-3-12,23
PP-3-17,24
PP-3-23,28
PP-4-12,26
PP-4-17,28
PP-4-23,30
SGH-R,207
SGS-R,141
SGS-R-EM,167
GR-48,59
GR-60,64
GR-72,74
MP-1,12
MP-2,15
SPB,69
SPB-C120,27
T-1000-12P,279
TF-370-8S,140
TF-370-10,159
TF-370-10P,175
SH-36-4S-5PYTL,247
TW-50-10,265
TW-50-12P,286
TW-50-16P,292
T-132-8S,92
T-132-10,88
T-132-10P,102
T-132-10FF,168
TW-40-10,140
TW-40-10P,157
TW-42-10,132
TW-42-10P,165
TW-70-8SR-3R,186
TW-30,178
T-200-8S,105
T-200-10,111
T-200-10P,119
T-200-10FF,183
T-182-8S,92
T-182-10,97
T-182-10FF,165
T-182-10P,108
TB-1,317
T-360-8S,139
T-360-10,126
T-360-10P,150
T-360-10FF,192
T-362-8S,138
T-362-10,141
T-362-10P,150
T-362-10FF,195
T-364-8S,137
T-364-10,14
T-364-10P,153
T-364-10FF,195
T-240-8S,119
T-240-10,124
T-240-10P,133
T-240-10FF,188
T-220-8S,107
T-220-10,112
T-220-10FF,185
T-220-10P,122
T-320-8S,93
T-320-10,95
T-320-10P,108
T-320-10FF,161
T-400-10-4R,193
T-400-10P-4R,199
PDSEH-4048-6PH2FL,508
PDSEH-4248-6PH2FL,518
PDSEH-4848-6PH2FL,535
PDEH-4048-6PH2FL,456
PDEH-4248-6PH2FL,458
PDEH-4848-6PH2FL,464
PDFS4048-6PH2FL,437
PDFS4248-6PH2FL,447
PDFS4848-6PH2FL,455
PDF4048-6PH2FL,377
PDF4248-6PH2FL,386
PDF4848-6PH2FL,387
PDE-4048-6PH2FL,383
PDE-4248-6PH2FL,426
PDE-4848-6PH2FL,444
SCN-2448-NC,685
SCN-2460-NC,729
SCN-3048-NC,695
SCN-3060-NC,755
SCN-3072-NC,806
SCN-3660-NC,794
SCN-3672-NC,828
SC-2448-NC,660
SC-2460-NC,733
SC-3048-NC,694
SC-3060-NC,784
SC-3072-NC,888
SC-3660-NC,860
SC-3672-NC,900
SC2-2448-NC,728
SC2-2460-NC,818
SC2-3048-NC,775
SC2-3060-NC,859
SC2-3072-NC,994
SC2-3660-NC,989
SC2-3672-NC,1061
SC-A-2448-NC,765
SC-A-2460-NC,739
SC-A-3048-NC,698
SC-A-3060-NC,899
SLN-2448,664
SLN-2460,728
SLN-3048,728
SLN-3060,832
SLN-3072,889
SLN-3660,890
SLN-3672,921
SL1-2448,719
SL1-2460,712
SL1-3048,818
SL1-3060,864
SL1-3072,958
SL1-3660,965
SL1-3672,1019
SL2-2448,767
SL2-2460,865
SL2-3048,873
SL2-3060,962
SL2-3072,1065
SL2-3660,1089
SL2-3672,1137
SL5-2424-78,599
SL1-A-2448,855
SL1-A-2460,930
SL1-A-3048,938
SL1-A-3060,1029
SL2-A-2448,887
SL2-A-2460,1039
SL2-A-3048,1081
SL2-A-3060,1012
RR-3036,499
RT3-12P,303
BR-2436-84,383
RDP-3646-3,105
RDP-4246-3,115
RDP-4846-4,144
BR-2448-60,225
HRS-3648-3,1693
SR-3648,237
SR-3648-KD,265
ASR-3048,299
ASR-3060,333
ASR-3660,347
RT4-8S,188
GSC-3636-70,415
GSC-3648-70,498
RD-2446-3,72
RD-3646-3,90
RD-4246-3,104
RD-4846-4,126
RD-2452-3,72
RD-3652-3,95
RD-4252-3,110
RD-4852-4,132
RD-2458-3,83
RD-3658-3,109
RD-4258-3,123
RD-4858-4,139
RDB-36,29
RDB-42,32
RDB-48,34
4SHS-2448-72,529
4SHS-2460-72,538
4SH-1832-72,279
4SH-2436-72,268
4SH-2448-72,339
4SH-2460-72,392
4SH-3048-72,385
4SH-3060-72,442
4SH-3072-72,518
4SH-3660-72,498
4SH-3672-72,576
5SH-1832-72,315
5SH-2436-72,375
5SH-2448-72,477
5SH-2460-72,549
5SH-3048-72,539
5SH-3060-72,619
5SH-3072-72,725
5SH-3660-72,679
5SH-3672-72,808
IP-1832-UPS,224
IP-2436-UPS,229
WTC-2424-LL-DR,484
WT1-2448-LL-42,441
WT1-3048-LL-42,489
WT1-3060-LL-42,670
WT1-3072-LL-42,735
WT1-3672-LL-42,822
WSH2-2448-36,237
WSH2-3048-36,257
WSH2-3660-36,325
WSH2-3672-36,368
WSH2-3684-36,414
WSH1-2448-36,279
WSH1-3048-36,285
WSH1-3660-36,363
WSH1-3672-36,389
WSH1-3684-36,484
CRT-3672-LL,760
IP-1832-2,163
IP-2436-2,174
IP-2448-2,194
IP-2460-2,235
IP-3048-2,226
IP-3060-2,260
IP-3072-2,292
IP-2436-2-6PY,321
IP-2448-2-6PY,368
IP-2460-2-6PY,414
IP-3048-2-6PY,398
IP-3060-2-6PY,428
IP-3072-2-6PY,441
IP-3672-2-6PY,490
MBP2D-2448-FL,616
MBP2D-FL-PB,804
MBP2D-FL-LP,798
MJP2D-2448-FL,949
MJP2D-FL-PB,1003
MJP2D-FL-LP,995
MHP2D-2448-FL,769
MHP2D-FL-PB,832
MHP2D-FL-LP,828
MMP2D-2448-FL,789
MMP2D-FL-PB,859
MMP2D-FL-LP,855
MBP3-2D-2448-FL,792
MBP3-2D-FL-PB,859
MBP3-2D-FL-LP,858
MJP3-2D-2448-FL,979
MJP3-2D-FL-PB,1052
MJP3-2D-FL-LP,1052
MHP3-2D-2448-FL,841
MHP3-2D-FL-PB,886
MHP3-2D-FL-LP,886
MMP3-2D-2448-FL,869
MMP3-2D-FL-PB,732
MMP3-2D-FL-LP,732
MBP2D-2448-2DRFL,968
MBP2D-2DRFL-PB,1019
MBP2D-2DRFL-LP,1019
MJP2D-2448-2DRFL,1094
MJP2D-2DRFL-PB,1219
MJP2D-2DRFL-LP,1219
MHP2D-2448-2DRFL,982
MHP2D-2DRFL-PB,1052
MHP2D-2DRFL-LP,1052
MMP2D-2448-2DRFL,1047
MMP2D-2DRFL-PB,992
MMP2D-2DRFL-LP,992
MBP2D-2448-HDFL,935
MBP2D-HDFL-PB,972
MBP2D-HDFL-LP,972
MJP2D-2448-HDFL,1129
MJP2D-HDFL-PB,1169
MJP2D-HDFL-LP,1169
MHP2D-2448-HDFL,962
MHP2D-HDFL-PB,998
MHP2D-HDFL-LP,998
MMP2D-2448-HDFL,955
MMP2D-HDFL-PB,1040
MMP2D-HDFL-LP,1040
WX-3660-34,544
WX-3672-34,602
WX-4284-34,756
MB3-LL-2D-2448,573
MB3-LL-2D-2448-PB,788
MB3-LL-2D-2448-LP,788
MJ3-LL-2D-2448,739
MJ3-LL-2D-2448-PB,987
MJ3-LL-2D-2448-LP,987
MH3-LL-2D-2448,595
MH3-LL-2D-2448-PB,816
MH3-LL-2D-2448-LP,816
MBP3-LL-2D-2448,609
MBP3-LL-2D-2448-PB,827
MBP3-LL-2D-2448-LP,827
MJP3-LL-2D-2448,823
MJP3-LL-2D-2448-PB,1069
MJP3-LL-2D-2448-LP,1070
MHP3-LL-2D-2448,669
MHP3-LL-2D-2448-PB,899
MHP3-LL-2D-2448-LP,899
PSX-2224-LLDR,495
PSX-2436-LLDR,659
PSX-2224-3RBKDR,562
PSX-2436-3RBKDR,616
WSL2-2448-36,218
WSL2-3048-36,240
WSL2-3060-36,262
WSL2-3072-36,310
WSL2-3660-36,299
WSL2-3672-36,333
WSL2-3684-36,376
WSL2-2448-AH,260
WSL2-3048-AH,284
WSL2-3060-AH,305
WSL2-3072-AH,354
WSL2-3660-AH,344
WSL2-3672-AH,376
WSL2-3684-AH,421
MT1824-2,110
MT1832-2,116
MT2436-2,138
MT2448-2,167
MT2460-2,185
MT3048-2,183
MT1824-3,148
MT1832-3,154
MT2436-3,193
MT2448-3,228
MT2460-3,244
MT3048-3,244
WM-2848,379
WM-2860,419
WM-2872,449
WA-2848,291
WA-2860,391
WA-2872,469
WB-2848,309
WB-2860,329
WB-2872,359
WT-2424-3R,288
WT-2436-3R,345
WT-2448-3R,419
WT-3048-3R,443
WT-3060-3R,575
WT-3072-3R,769
WT-3672-3R,849
WT-2424-LL,255
WT-2436-LL,319
WT-2448-LL,379
WT-3048-LL,417
WT-3060-LL,576
WT-3072-LL,738
WT-3672-LL,849
WTS-2424-3R,289
WTS-2436-3R,390
WTS-2448-3R,443
WTS-3048-3R,477
WTS-3060-3R,650
WTS-3072-3R,898
WTS-3672-3R,890
WTS-2424-LL,268
WTS-2436-LL,330
WTS-2448-LL,412
WTS-3048-LL,455
WTS-3060-LL,626
WTS-3072-LL,865
WTS-3672-LL,799
WG-2451,410
WG-2451-HD,597
WSJ2-2448-36,365
WSJ2-3048-36,449
WSJ2-3060-36,541
WSJ2-3072-36,627
WSJ2-3672-36,757
WSJ2-2448-36-DR,466
WSJ2-3048-36-DR,619
WSJ2-3060-36-DR,669
WSJ2-3072-36-DR,775
WSJ2-3672-36-DR,868
WSJ2-2448-AH,405
WSJ2-3048-AH,469
WSJ2-3060-AH,587
WSJ2-3072-AH,666
WSJ2-3672-AH,844
WSJ2-2448-AH-DR,499
WSJ2-3048-AH-DR,569
WSJ2-3060-AH-DR,789
WSJ2-3072-AH-DR,749
WSJ2-3672-AH-DR,941
MTH1-1630-24,234
MTH1-1630-30,244
MTH1-1630-36,239
MTH1-2230-24,224
MTH1-2230-30,234
MTH1-2230-36,268
MTH1-2830-24,272
MTH1-2830-30,284
MTH1-2830-36,286
MTH1-3036-24,269
MTH1-3036-30,295
MTH1-3036-36,289
MTH1-3048-24,311
MTH1-3048-30,319
MTH1-3048-36,364
MTH1-3060-24,348
MTH1-3060-30,358
MTH1-3060-36,365
MT1-1824-18,72
MT1-1824-24,75
MT1-1824-30,78
MT1-1824-36,81
MT1-1824-42,84
MT1-2436-18,93
MT1-2436-24,96
MT1-2436-30,99
MT1-2436-36,102
MT1-2436-42,105
MT1-2448-18,120
MT1-2448-24,125
MT1-2448-30,139
MT1-2448-36,139
MT1-2448-42,149
WST2-2448-AH,259
WST2-3048-AH,297
WST2-3060-AH,284
WST2-3072-AH,356
WST2-3660-AH,344
WST2-3672-AH,386
WST2-3684-AH,432
WST1-2448-AH,288
WST1-3048-AH,295
WST1-3060-AH,314
WST1-3072-AH,355
WST1-3660-AH,338
WST1-3672-AH,359
WST1-3684-AH,419
WSH2-2448-AH,298
WSH2-3048-AH,361
WSH2-3660-AH,429
WSH2-3672-AH,495
WSH2-3684-AH,510
WSH1-2448-AH,292
WSH1-3048-AH,319
WSH1-3660-AH,381
WSH1-3672-AH,409
WSH1-3684-AH,467
WF-3072-AH,354
WF-3672-AH,407
WF-3684-AH,438
WFH-3672-AH,495
WFH-3684-AH,529
WFJ-3072-AH,799
IPH-3048-8PHBK,498
IPH-3060-8PHBK,534
IPH-3660-8PHBK,559
IPH-3672-8PHBK,598
IPG2436-8PHFLPL,435
IPG2448-8PHFLPL,465
IPG2460-8PHFLPL,499
IPG3048-8PHFLPL,498
IPG3060-8PHFLPL,533
IPG3072-8PHFLPL,571
IPG3672-8PHFLPL,598
IP-1832RM-BRK,181
IP-2436RM-BRK,192
IP-2448RM-BRK,211
IP-2460RM-BRK,247
IP-3048RM-BRK,237
IP-3060RM-BRK,262
IP-3072RM-BRK,295
WSE3048-STARTER,309
WSE3060-STARTER,329
WSE3072-STARTER,348
WSE3648-STARTER,337
WSE3660-STARTER,347
WSE3672-STARTER,365
WSE3048-ADD-ON,237
WSE3060-ADD-ON,259
WSE3072-ADD-ON,276
WSE3648-ADD-ON,261
WSE3660-ADD-ON,268
WSE3672-ADD-ON,289
WW-3036-6PHFL,495
WW-3048-6PHFL,459
WW-3060-6PHFL,523
WW-3072-6PHFL,587
WW-3660-6PHFL,557
WW-3672-6PHFL,594
WW-4284-6PHFL,749
WW-3036-8PHFL,447
WW-3048-8PHFL,492
WW-3060-8PHFL,547
WW-3072-8PHFL,616
WW-3660-8PHFL,584
WW-3672-8PHFL,619
WW-4284-8PHFL,786
WW-3036,280
WW-3048,324
WW-3060,379
WW-3072,433
WW-3660,435
WW-3672,437
WW-4284,596
WW-3036-ADJ,371
WW-3048-ADJ,415
WW-3060-ADJ,469
WW-3072-ADJ,524
WW-3660-ADJ,493
WW-3672-ADJ,529
WW-4284-ADJ,689
WST2-2448-36,201
WST2-3048-36,222
WST2-3060-36,242
WST2-3072-36,288
WST2-3660-36,279
WST2-3672-36,309
WST2-3684-36,349
WST2-2448-36-PB,329
WST2-3048-36-PB,359
WST2-3060-36-PB,393
WST2-3072-36-PB,486
WST2-3660-36-PB,432
WST2-3672-36-PB,510
WST2-2448-36-LP,322
WST2-3048-36-LP,356
WST2-3060-36-LP,388
WST2-3072-36-LP,482
WST2-3660-36-LP,432
WST2-3672-36-LP,510
WST1-2448-36,194
WST1-3048-36,209
WST1-3060-36,224
WST1-3072-36,262
WST1-3660-36,247
WST1-3672-36,269
WST1-3684-36,315
WST1-2448-36-PB,318
WST1-3048-36-PB,336
WST1-3060-36-PB,366
WST1-3072-36-PB,447
WST1-3660-36-PB,394
WST1-3672-36-PB,458
WST1-2448-36-LP,318
WST1-3048-36-LP,336
WST1-3060-36-LP,367
WST1-3072-36-LP,448
WST1-3660-36-LP,396
WST1-3672-36-LP,461
PSR-2224-LLDR,359
PSR-2436-LLDR,414
PSR-2224-3RBKDR,317
PSR-2436-3RBKDR,411
RS-2D-2436-LL,451
RS3-2D-2436-LL,493
RS-2436-LL,452
RS3-2436-LL,485
WW-3672-2HD,959
WWC-3048,874
WWC-3060,788
WWC-3072,847
WWC-3672,916
WWC-3048-HD,874
WWC-3060-HD,945
WWC-3072-HD,995
WWC-3672-HD,998
WWC-3072-2HD,1164
WWC-3672-2HD,1226
MTH1-1630-AH,257
MTH1-2230-AH,269
MTH1-2830-AH,288
MTH1-3036-AH,313
MTH1-3048-AH,349
MTH1-3060-AH,392
WSS2-3048-36,537
WSS2-3060-36,614
WSS2-3072-36,759
WSS2-3048-AH,578
WSS2-3060-AH,547
WSS2-3072-AH,799
MB-2448-FL,437
MB-2448-FL-PB,628
MB-2448-FL-LP,628
MJ-2448-FL,594
MJ-2448-FL-PB,826
MJ-2448-FL-LP,826
MH-2448-FL,456
MH-2448-FL-PB,655
MH-2448-FL-LP,655
MM-2448-FL,479
MM-2448-FL-PB,682
MM-2448-FL-LP,682
MB3-2448-FL,659
MB3-2448-FL-PB,689
MB3-2448-FL-LP,688
MJ3-2448-FL,643
MJ3-2448-FL-PB,887
MJ3-2448-FL-LP,887
MH3-2448-FL,624
MH3-2448-FL-PB,716
MH3-2448-FL-LP,716
MM3-2448-FL,648
MM3-2448-FL-PB,743
MM3-2448-FL-LP,743
MB-2448-HDFL,712
MB-2448-HDFL-PB,807
MB-2448-HDFL-LP,807
MJ-2448-HDFL,949
MJ-2448-HDFL-PB,1006
MJ-2448-HDFL-LP,1005
MH-2448-HDFL,753
MH-2448-HDFL-PB,835
MH-2448-HDFL-LP,835
MM-2448-HDFL,767
MM-2448-HDFL-PB,863
MM-2448-HDFL-LP,863
MB-2D-2448-HDFL,849
MB-2D-2448-HDFL-PB,947
MB-2D-2448-HDFL-LP,947
MJ-2D-2448-HDFL,1044
MJ-2D-2448-HDFL-PB,1145
MJ-2D-2448-HDFL-LP,1145
MH-2D-2448-HDFL,869
MH-2D-2448-HDFL-PB,974
MH-2D-2448-HDFL-LP,974
MM-2D-2448-HDFL,899
MM-2D-2448-HDFL-PB,1001
MM-2D-2448-HDFL-LP,1001